TIME,30.0463,30.3998,30.7617,31.1323,31.512,31.901,32.2998,32.7087,33.128,33.5582,33.9998,34.4531,34.9187,35.397,35.8887,36.3941,36.9141,37.449,37.9998,38.5669,39.1513,39.7536,40.3748,41.0156,41.6772,42.3604,43.0664,43.7963,44.5515,45.3331,46.1426,46.9815,47.8516,48.7544,49.692,50.6664,51.6797,52.7344,53.833,54.9784,56.1736,57.4219,58.7269,60.0927,61.5234,63.024,64.5996,66.256,67.9996,69.8374,71.7773,73.8281,75.9995,78.3026,80.7495,83.3543,86.1328,89.1029,92.2852,95.7031,99.384,103.359,107.666,112.347,117.454,123.047,129.199,135.999,143.555,151.999,161.499,172.266,184.57,198.768,215.332,234.908,258.398,287.109,322.998,369.141,430.664
0.000000000,0.00685374,0.0153906,0.0150092,0.0135022,0.00875992,0.0135424,0.0169806,0.021315,0.00964789,0.00339459,0.00333732,0.00991604,0.0181294,0.0229514,0.0100828,0.00717535,0.0065335,0.00450092,0.00757962,0.0194608,0.0244615,0.0122888,0.00615115,0.00882552,0.0111132,0.0181298,0.0139163,0.0099957,0.009894,0.00981669,0.0113331,0.0124156,0.0097007,0.00579864,0.00173816,0.0046489,0.0112132,0.0255116,0.0288479,0.012961,0.00584036,0.00214129,0.00753298,0.0234204,0.0253267,0.0122079,0.00565623,0.00428086,0.00308695,0.00357542,0.0172069,0.0208309,0.0094791,0.00692288,0.0132544,0.0295973,0.0224157,0.00847299,0.00426849,0.00425277,0.00552236,0.0175426,0.0228801,0.00945957,0.00278763,0.000677901,0.00112749,0.0142521,0.030242,0.0235223,0.00785861,0.00631661,0.00771342,0.0177681,0.0223756,0.0103821,0.00302831,0.00276802,0.00607277,0.0124666,0.0136838
1.486077098,0.00703382,0.0157732,0.0152933,0.0144252,0.0102867,0.0158849,0.0187227,0.0238793,0.0102819,0.00345159,0.00334017,0.0101806,0.0201204,0.0262652,0.0127564,0.00835425,0.00657393,0.00475604,0.00797685,0.0200956,0.0263475,0.0148942,0.00656843,0.00905937,0.0111951,0.0182478,0.0139802,0.0100569,0.0101405,0.0112364,0.0127991,0.013867,0.0106583,0.00591407,0.00212787,0.00551671,0.0131449,0.0292357,0.0321473,0.0138958,0.00635894,0.00265683,0.0078778,0.0243369,0.0261247,0.0132096,0.0065069,0.00456879,0.00386002,0.00364677,0.0172631,0.0211996,0.0104535,0.00812861,0.0152758,0.0318429,0.0245541,0.00972083,0.00467638,0.00489709,0.00678978,0.0194684,0.026825,0.0146024,0.0064542,0.000946813,0.00126506,0.0144103,0.03184,0.0265669,0.0117273,0.00896078,0.00905421,0.0179294,0.0223756,0.0105346,0.00319755,0.00457722,0.00968483,0.0164624,0.0168322
2.972154195,0.00712458,0.0179168,0.0163357,0.0145776,0.0104348,0.0162034,0.0211683,0.0260667,0.0110178,0.00373652,0.00349074,0.010324,0.0209689,0.028212,0.0139625,0.00918029,0.00744089,0.00483076,0.00968661,0.0214668,0.0270774,0.015591,0.00694826,0.00958873,0.0115239,0.0187342,0.014202,0.0102156,0.0104227,0.0125131,0.0137896,0.0141324,0.0111802,0.00679833,0.00266724,0.00561843,0.0134823,0.0302419,0.0341436,0.0151521,0.00663371,0.00269861,0.00798423,0.0247369,0.0273031,0.0142772,0.0065573,0.00465244,0.00387782,0.00378845,0.0174084,0.0214167,0.0106052,0.00890716,0.0171748,0.0335194,0.0258381,0.0100347,0.00472364,0.00501463,0.00714739,0.0204742,0.0284514,0.014827,0.0064542,0.000969679,0.00132038,0.0144453,0.0326629,0.028097,0.0123096,0.0102835,0.00970289,0.018046,0.0227056,0.010789,0.00319755,0.00469997,0.00999088,0.0171736,0.0177092
4.458231293,0.00714698,0.018926,0.0169182,0.014927,0.0122309,0.0186211,0.0220284,0.0263018,0.0111834,0.00565097,0.00542653,0.0111084,0.0223369,0.0307074,0.0154545,0.0105695,0.0100659,0.00517677,0.00974462,0.0215059,0.027588,0.018168,0.00877513,0.0115293,0.0165669,0.0209428,0.0145026,0.0109453,0.0114869,0.0130993,0.0150979,0.0149186,0.0114444,0.00845284,0.00405885,0.00727806,0.015374,0.031676,0.0353003,0.0164131,0.00717422,0.00409652,0.00913522,0.0253321,0.028127,0.0147411,0.00684109,0.00528233,0.00568177,0.00656714,0.0213387,0.0223486,0.0110797,0.00979262,0.0183431,0.034105,0.0260088,0.0102473,0.00526528,0.00652765,0.00830751,0.0210813,0.0288813,0.0160177,0.00715734,0.00158274,0.0029178,0.015477,0.0334407,0.0288295,0.0133832,0.0119653,0.0108598,0.019545,0.0258721,0.0119406,0.00341654,0.00493672,0.0101025,0.0172457,0.0182621
5.944308390,0.0140313,0.0206589,0.020861,0.0155429,0.0123614,0.0186676,0.0224675,0.0267595,0.015682,0.023239,0.0129577,0.0119972,0.0241066,0.0372866,0.0218037,0.0110677,0.0103246,0.00838019,0.0135919,0.0226737,0.0276101,0.0191511,0.00882664,0.0115712,0.0171481,0.0225571,0.0146826,0.0120204,0.0148882,0.0150765,0.0160791,0.0154425,0.0147007,0.0188307,0.0114259,0.0215604,0.0289429,0.0353108,0.0354923,0.0164131,0.00767134,0.00759855,0.0118366,0.025752,0.0291552,0.015424,0.0074041,0.00568575,0.00570215,0.00656714,0.0213498,0.0229203,0.0153038,0.0119063,0.0199993,0.0354982,0.0262033,0.0113725,0.0145441,0.0219126,0.0169985,0.0272619,0.0336488,0.0169629,0.00722658,0.00158443,0.0029178,0.0155554,0.0354579,0.0314072,0.0153096,0.0125732,0.0109426,0.0195744,0.0258759,0.0119413,0.00366234,0.00886925,0.0169997,0.0189726,0.0187823
7.430385488,0.0164845,0.0219588,0.0211231,0.0156293,0.0124366,0.0187087,0.0225132,0.0320969,0.0380382,0.0366172,0.0146411,0.0120197,0.0241102,0.0372866,0.0218037,0.0110677,0.0103246,0.00838019,0.0135919,0.0226737,0.0276101,0.0210882,0.0131172,0.0129091,0.0172152,0.0235082,0.0266792,0.0250192,0.0166719,0.0150765,0.0162275,0.0239615,0.0312155,0.0258124,0.011441,0.0223159,0.029481,0.0353128,0.0354954,0.0171398,0.0150845,0.0190824,0.0137307,0.0310633,0.0329977,0.0155077,0.0074041,0.00568575,0.00570215,0.0117257,0.0338198,0.030319,0.0156257,0.0124245,0.020505,0.0357811,0.0262481,0.0114971,0.0147643,0.0229693,0.0173072,0.0288111,0.0508012,0.0339891,0.0179808,0.00846747,0.0041421,0.023563,0.0367515,0.0314223,0.0153096,0.012642,0.0110624,0.0195744,0.0259539,0.012229,0.003873,0.00886925,0.0171332,0.0191716,0.0187823
8.916462585,0.0164845,0.0219588,0.0211702,0.0162339,0.0135644,0.0198965,0.0234055,0.0326183,0.0380889,0.0366172,0.0146411,0.0120197,0.0241102,0.0372866,0.0218037,0.0113544,0.0116211,0.00966968,0.0151374,0.0242207,0.0288794,0.0222792,0.0142979,0.013585,0.0178759,0.0241964,0.0267687,0.0250204,0.0166719,0.0151032,0.0171481,0.0250446,0.0314323,0.0259701,0.0122364,0.0242855,0.0327443,0.0380528,0.0365546,0.0171539,0.0150845,0.0190824,0.0137307,0.0310633,0.0337772,0.0160969,0.0075704,0.00580548,0.00655333,0.0132968,0.0341827,0.0304421,0.0164928,0.0215745,0.0311142,0.0396051,0.0264535,0.011512,0.0157262,0.0238435,0.0173521,0.0288372,0.050906,0.0341291,0.0181049,0.00848692,0.00426106,0.0314779,0.0489378,0.0359036,0.0153096,0.0172096,0.0183865,0.0222732,0.0259539,0.012229,0.00462007,0.0101708,0.017222,0.0191727,0.0187823
10.402539683,0.0165093,0.0237468,0.0231145,0.0179465,0.014689,0.0257259,0.0348278,0.0444662,0.0485996,0.0388212,0.01606,0.0196451,0.031386,0.0375355,0.0221112,0.0114776,0.0116211,0.00987005,0.015207,0.0269811,0.0296533,0.0222792,0.0180841,0.023541,0.0277593,0.0284619,0.0267687,0.0250242,0.0168835,0.0159098,0.0186419,0.0254393,0.0314472,0.025977,0.0126154,0.0275641,0.0365783,0.0391747,0.0365546,0.0174463,0.0154442,0.0195523,0.0138551,0.0310633,0.0355475,0.0181462,0.00803198,0.00605975,0.00666625,0.0133301,0.0341898,0.0304432,0.0165119,0.0216304,0.0311248,0.0396383,0.0265361,0.0116026,0.0158085,0.0239072,0.0173778,0.0288799,0.0546541,0.0393533,0.0192704,0.00853288,0.00430661,0.0315932,0.0492032,0.0362013,0.015526,0.0173054,0.0184439,0.0224774,0.026211,0.0123853,0.00463164,0.0101913,0.017231,0.0191972,0.0189223
11.888616780,0.149525,0.0237468,0.0231145,0.0664602,0.0923431,0.0315459,0.0348278,0.0444662,0.0487205,0.536812,0.342443,0.0196451,0.031386,0.0375355,0.16428,0.205523,0.060533,0.00987005,0.015207,0.100809,0.574555,0.321074,0.0188733,0.023541,0.02776,0.243985,0.266345,0.0483178,0.0168835,0.0159098,0.0915161,0.573304,0.350662,0.0483035,0.0126154,0.0275641,0.0562432,0.105072,0.0365546,0.0174463,0.0154442,0.0284377,0.458307,0.292792,0.0355475,0.0181462,0.00806243,0.0304859,0.0609336,0.0133651,0.0341898,0.0304432,0.0872836,0.409812,0.143065,0.0396383,0.0265361,0.0116325,0.0739383,0.0929857,0.0184649,0.0288799,0.0546541,0.102836,0.314503,0.076272,0.00430661,0.0315932,0.0492032,0.0866176,0.0596404,0.0173054,0.0184439,0.0224774,0.0723003,0.216932,0.0298449,0.0101913,0.017231,0.0192149,0.0258952
13.374693878,0.194995,0.021381,0.0214455,0.103096,0.36405,0.175816,0.030627,0.0431424,0.106449,1.43023,0.998083,0.072272,0.0307792,0.0369772,0.336793,0.657331,0.275875,0.00815693,0.0130513,0.210918,1.46864,0.830404,0.0606748,0.023003,0.0270266,0.447086,0.642156,0.188624,0.0117845,0.0111389,0.181679,1.54122,0.79642,0.0653387,0.0120497,0.025869,0.601184,0.831996,0.186076,0.0146056,0.0145622,0.106871,1.45636,0.709975,0.0352562,0.0173619,0.00756794,0.574902,0.771916,0.196377,0.0338761,0.0298452,0.199163,1.46917,0.563453,0.07621,0.025353,0.0407,0.598355,0.692583,0.14982,0.0279159,0.0533108,0.202932,1.41917,0.419136,0.0411964,0.0313392,0.193212,0.803733,0.722881,0.0953088,0.0178896,0.0221706,0.313717,1.5308,0.354317,0.00939586,0.0164925,0.0294576,0.498224
14.860770975,0.194963,0.0202359,0.0203425,0.188025,0.661402,0.184047,0.0291434,0.042013,0.373109,2.34676,1.82698,0.0670125,0.0198577,0.030015,0.427804,0.949105,0.297797,0.00815567,0.0124345,0.408135,2.20262,1.56604,0.0603294,0.0221434,0.0244376,0.583596,0.906454,0.224078,0.009072,0.00915309,0.317692,2.26779,1.37417,0.0643679,0.0120183,0.0257362,0.727003,1.06656,0.206048,0.0128816,0.0139304,0.306212,2.19861,1.10009,0.0227947,0.0148603,0.00652225,0.688754,1.06031,0.211246,0.0281473,0.0240874,0.398374,2.16609,0.95392,0.0717065,0.0205255,0.0402648,0.729262,0.914002,0.170388,0.0191004,0.0448864,0.409265,2.15485,0.842418,0.0410706,0.0251362,0.18515,0.876379,0.834685,0.116051,0.0175919,0.0157651,0.575319,2.3476,0.71808,0.0092893,0.0150928,0.0248343,0.612521
16.346848073,0.221673,0.0181486,0.0172889,0.286622,1.07816,0.266676,0.0245369,0.0404091,0.406947,3.18666,2.40507,0.0764576,0.0176222,0.0266089,0.743052,1.67425,0.473017,0.00763888,0.010572,0.610281,3.31235,2.24713,0.0761482,0.0215144,0.0238448,1.07126,1.60665,0.238545,0.00870332,0.00878976,0.631066,3.54009,2.11539,0.0955211,0.0118448,0.0253361,1.30626,1.86684,0.356909,0.0125435,0.0139233,0.526605,3.70751,1.9752,0.021271,0.0137345,0.00644725,0.926525,1.47106,0.210511,0.027196,0.0232949,0.899754,4.01428,1.78412,0.0975585,0.0186112,0.0402396,0.935508,1.36191,0.178235,0.0178976,0.0427958,1.02146,3.55169,1.49899,0.0410706,0.0244849,0.179419,1.17888,1.20895,0.113473,0.0145544,0.0135746,1.22353,3.77919,1.31497,0.0081293,0.0130717,0.0235005,0.943284
17.832925170,0.248016,0.0169775,0.0169257,0.347784,1.33571,0.341482,0.0232475,0.0391542,0.492428,3.85606,2.73177,0.0833704,0.0163031,0.0241241,0.874287,1.97011,0.558355,0.00757569,0.0187254,0.705646,3.89623,2.47581,0.0863643,0.0207469,0.0253101,1.16987,1.81873,0.279609,0.00847547,0.00809991,0.698952,4.20466,2.39484,0.0953435,0.0117763,0.0635838,1.53252,2.11307,0.356948,0.0114692,0.013529,0.5689,4.36169,2.15797,0.022803,0.0128225,0.00865014,1.38803,2.1459,0.431438,0.0269823,0.0232243,0.955809,4.82066,2.11512,0.0917315,0.0155442,0.0446088,1.44214,1.80442,0.188231,0.0163659,0.0401926,1.14495,4.72521,1.96677,0.0874703,0.0240866,0.220375,1.74441,1.73765,0.182094,0.0120447,0.011156,1.40844,5.20155,1.86652,0.00809118,0.0127967,0.026411,1.30128
19.319002268,0.270745,0.015941,0.0142722,0.422682,1.42578,0.34891,0.0222391,0.0388371,0.565559,4.2448,3.06433,0.104275,0.0149616,0.0219348,0.893659,2.06014,0.565952,0.00718132,0.0176444,0.78277,4.2275,2.70201,0.108077,0.0205623,0.0267258,1.2535,1.92343,0.289628,0.00760473,0.00757129,0.767891,4.52628,2.62588,0.123105,0.0115777,0.0628416,1.5902,2.23457,0.372933,0.010853,0.0134903,0.617408,4.62763,2.32041,0.0192955,0.010744,0.00803407,1.42317,2.27974,0.450709,0.0263815,0.0218129,1.03074,5.09105,2.25049,0.0989381,0.0153403,0.0477696,1.54273,1.93815,0.202506,0.0142484,0.0411028,1.2253,4.97416,2.06679,0.101903,0.0235234,0.230638,1.83466,1.81466,0.183826,0.0114489,0.0111335,1.47083,5.42975,1.9344,0.0115661,0.0117388,0.0357561,1.36554
20.805079365,0.286998,0.014964,0.0135809,0.488264,1.69892,0.425687,0.0211224,0.0347017,0.692664,4.84037,3.51521,0.104047,0.0145193,0.0199371,1.15561,2.54401,0.698951,0.00683485,0.016924,0.832089,4.80596,3.2289,0.107344,0.0190304,0.0257488,1.48978,2.22431,0.331253,0.00756607,0.00745492,0.909105,5.22183,3.20028,0.122961,0.0111595,0.0616172,1.81523,2.5905,0.443806,0.0101015,0.0129714,0.767911,5.33035,2.79599,0.0181066,0.010477,0.00777716,1.70292,2.64086,0.543995,0.0246066,0.0210814,1.25511,5.86122,2.70444,0.0970776,0.014642,0.0477176,1.8121,2.19659,0.242359,0.0128556,0.0395165,1.50267,5.78202,2.55603,0.101626,0.0228426,0.22946,1.97501,1.95103,0.205062,0.0111847,0.0108946,1.83706,6.21193,2.37547,0.011227,0.0115996,0.0352696,1.4607
22.291156463,0.354362,0.0089954,0.010503,0.613921,1.99465,0.472579,0.018919,0.0265908,0.698804,5.46792,3.84112,0.10413,0.0135999,0.0217015,1.43687,2.97939,0.78357,0.00683485,0.0164738,0.943039,5.55494,3.5128,0.110767,0.01861,0.0233402,1.69351,2.5755,0.35755,0.0075547,0.00736959,1.05974,6.02333,3.46836,0.129219,0.0111371,0.105328,2.17093,2.96875,0.439116,0.00997808,0.0129714,0.858212,5.98719,2.95887,0.0162241,0.0102721,0.0271487,1.87163,2.90643,0.543318,0.0241942,0.0203662,1.40589,6.65089,2.9928,0.0902528,0.0100645,0.047293,1.96412,2.45456,0.242866,0.011891,0.036435,1.60793,6.4694,2.65356,0.101555,0.0214306,0.233639,2.38729,2.52296,0.299042,0.0107844,0.00840527,1.96249,6.9669,2.58576,0.011227,0.0115833,0.0344809,1.77236
23.777233560,0.387754,0.00835616,0.00810533,0.62059,2.03772,0.485347,0.0178472,0.0231512,0.714953,5.67766,4.05222,0.126985,0.0132566,0.0214056,1.4782,3.12912,0.887184,0.00536913,0.0158485,0.974976,5.76845,3.74585,0.127696,0.0147154,0.0202723,1.73166,2.67265,0.417693,0.00698951,0.00654182,1.08929,6.25063,3.6759,0.141033,0.0108772,0.105328,2.24135,3.14254,0.495074,0.00448533,0.00960383,0.878059,6.34379,3.16895,0.0226376,0.00593822,0.0239988,2.06318,3.20519,0.637074,0.0169829,0.00961227,1.43035,7.00614,3.17917,0.115554,0.00412044,0.0438557,2.1146,2.62927,0.282999,0.0113373,0.0336342,1.67508,6.87745,2.87318,0.130483,0.0173411,0.279054,2.6262,2.76318,0.33388,0.0107305,0.00481083,2.04534,7.47931,2.78129,0.0129889,0.0111582,0.0606564,2.03134
25.263310658,0.387573,0.00797361,0.00782117,0.619667,2.0362,0.483004,0.0161051,0.0205869,0.721628,5.76178,4.12252,0.126721,0.0112655,0.0180918,1.47699,3.13405,0.887144,0.00511401,0.0154513,0.983624,5.83368,3.80092,0.127278,0.0144816,0.0201903,1.73154,2.67259,0.417632,0.00674304,0.00512213,1.10383,6.32958,3.7519,0.140918,0.0104875,0.104461,2.24046,3.143,0.491774,0.00355052,0.00908526,0.901963,6.45347,3.25549,0.0218396,0.00493653,0.0231481,2.06289,3.20442,0.637003,0.0169267,0.00924364,1.45784,7.11078,3.24248,0.113308,0.00198202,0.0426079,2.12084,2.64432,0.281732,0.00941158,0.0296893,1.71106,7.01773,2.97497,0.130346,0.017183,0.277456,2.62735,2.76618,0.331236,0.0093897,0.00464956,2.09226,7.60548,2.85156,0.0111797,0.00754618,0.0566606,2.03729
26.749387755,0.39203,0.00582999,0.0067788,0.665216,2.10539,0.493336,0.0136595,0.0183995,0.720892,5.80841,4.13743,0.127372,0.010417,0.016145,1.47578,3.13322,0.886277,0.00503929,0.0137415,0.982253,5.89373,3.82376,0.128575,0.0139522,0.0198616,1.74054,2.69675,0.421096,0.00646078,0.00384538,1.10305,6.36203,3.75731,0.140033,0.00994815,0.104359,2.24013,3.14199,0.489778,0.00229419,0.00881049,0.903741,6.50311,3.26671,0.0208191,0.00386899,0.0230977,2.06966,3.211,0.637561,0.0167814,0.00902652,1.45798,7.13201,3.24583,0.111632,0.000698064,0.042294,2.1208,2.6442,0.281374,0.00840574,0.028063,1.7183,7.07617,2.98693,0.13029,0.0171479,0.276633,2.62582,2.7656,0.329913,0.00874101,0.00453296,2.09214,7.62111,2.85348,0.011057,0.00724012,0.0559494,2.03641
28.235464853,0.392023,0.00482074,0.006487,0.705028,2.1953,0.491002,0.0127994,0.0181644,0.736801,5.92733,4.18927,0.126679,0.00904904,0.0136496,1.54747,3.28174,0.901963,0.00469328,0.0136835,0.999214,6.06386,3.90074,0.126835,0.0120117,0.0170598,1.82216,2.83071,0.420867,0.00539665,0.00325925,1.10378,6.48067,3.82194,0.138516,0.00855654,0.102699,2.28554,3.21293,0.491726,0.00103323,0.00826998,0.944709,6.72067,3.36844,0.0199952,0.00340506,0.0259648,2.1352,3.27432,0.637574,0.012851,0.00809456,1.4751,7.25686,3.26093,0.111064,0.000527312,0.0420814,2.20462,2.7203,0.284664,0.00779866,0.0276331,1.76905,7.2216,3.02057,0.128693,0.0161162,0.300155,2.74681,2.85755,0.328231,0.00758413,0.00303391,2.10466,7.72078,2.87521,0.0108202,0.00712848,0.0558773,2.06432
29.721541950,0.38986,0.00308789,0.00254421,0.79906,2.41991,0.568663,0.0123603,0.0177067,0.796864,6.13776,4.36015,0.12579,0.00727931,0.00707044,1.68497,3.68579,1.00811,0.00148986,0.00983621,1.10375,6.41842,4.17025,0.126784,0.0119698,0.0164785,2.03903,3.1098,0.458502,0.00199534,0.00128201,1.16792,6.73547,4.00367,0.128138,0.00118952,0.0898319,2.42281,3.47489,0.539665,0.00103323,0.00777286,1.05097,7.23228,3.66999,0.018967,0.00272214,0.0268639,2.27978,3.51414,0.642415,0.01284,0.00752292,1.56359,7.51526,3.40805,0.10967,0.000332861,0.0412045,2.38357,3.10484,0.381594,0.00161798,0.0228656,1.86492,7.54567,3.17466,0.128693,0.0160378,0.306872,3.0494,3.13831,0.333443,0.00750132,0.00300454,2.15558,7.92449,2.9772,0.00688769,0.000231261,0.0694951,2.25716
31.207619048,0.421143,0.001788,0.00228209,0.834683,2.52351,0.599232,0.0123146,0.0123693,0.780685,6.33917,4.51471,0.127706,0.00727575,0.00707044,1.74529,3.86631,1.05938,0.00148986,0.00983621,1.10726,6.65865,4.32856,0.124585,0.0106319,0.0164114,2.20893,3.31775,0.503411,0.00021158,0.00128201,1.18959,6.90209,4.12753,0.121156,0.00117435,0.0890764,2.4995,3.64764,0.565077,0.000306474,0.000359661,1.10783,7.5927,3.88445,0.0151246,0.00263842,0.0268639,2.35955,3.66675,0.681858,0.000369994,0.000124221,1.66494,7.82199,3.56249,0.109388,0.000288046,0.0410799,2.5219,3.3456,0.405606,6.88245e-05,0.00571316,1.96892,7.9197,3.36014,0.127469,0.00803027,0.305579,3.29826,3.36546,0.359624,0.0073815,0.00300454,2.28307,8.2558,3.17224,0.00688769,9.78013e-05,0.0692961,2.39245
32.693696145,0.422109,0.001788,0.00236137,0.926473,2.658,0.611235,0.0114223,0.0118479,0.781586,6.40027,4.54388,0.128858,0.00727575,0.00707044,1.87216,4.13896,1.16173,0.000200373,0.00829074,1.13239,6.81319,4.40007,0.123405,0.00995597,0.0157507,2.27598,3.44766,0.5118,0.00021158,0.00125534,1.19106,7.02662,4.17452,0.124802,0.000378995,0.0871069,2.58846,3.78645,0.578533,0.000292435,0.000359661,1.15132,7.82419,3.98745,0.014345,0.00204924,0.0304726,2.42952,3.70138,0.680861,7.06749e-06,1.09714e-06,1.66471,7.88265,3.56677,0.105818,8.26538e-05,0.041065,2.58804,3.44718,0.439039,4.27663e-05,0.00560839,1.98876,7.98008,3.38762,0.12735,0.000115321,0.296648,3.34559,3.47003,0.355056,5.74041e-05,0.000305729,2.29019,8.31019,3.17783,0.0055861,8.97294e-06,0.069295,2.45773
34.179773243,0.43397,0,0.000417079,0.974311,2.77939,0.616118,0,0,0.801968,6.55223,4.66832,0.121233,0,0.00682151,1.97186,4.44835,1.25815,0,0.0082211,1.16867,7.04176,4.57378,0.119618,0,0.00771281,2.37883,3.63079,0.530097,0,0.000448708,1.21925,7.23927,4.33772,0.124795,0,0.0838282,2.67979,3.98333,0.620859,0,0,1.2041,8.15005,4.17718,0.0125748,0,0.0305577,2.58915,3.94514,0.702532,0,0,1.71946,8.07956,3.64529,0.105785,0,0.041428,2.76401,3.74188,0.4943,0,0.00186025,2.02615,8.28793,3.53572,0.127304,0,0.351509,3.64126,3.73991,0.368714,0,0.000101544,2.31962,8.54604,3.26663,0.00556566,0,0.0692705,2.57185
35.665850340,0.300972,0,0.000417079,0.951228,2.73763,0.614034,0,0,0.846416,6.19864,4.44366,0.121233,0,0.00682151,1.85554,4.37859,1.21493,0,0.0082211,1.14963,6.74381,4.42617,0.119009,0,0.00771212,2.2788,3.52273,0.51835,0,0.000448708,1.18331,6.80532,4.11584,0.102469,0,0.0862549,2.72896,4.05518,0.628021,0,0,1.26746,8.06151,4.09234,0.0129555,0,0.0305273,2.63276,3.96636,0.711729,0,0,1.74778,7.86597,3.6144,0.105785,0,0.0438909,2.79102,3.88484,0.501609,0,0.00186025,2.05181,8.21986,3.57767,0.127304,0,0.360589,3.79144,3.83766,0.375554,0,0.000101544,2.32922,8.47149,3.31825,0.00556566,0,0.0726137,2.64304
37.151927438,0.267865,0,0.000417079,1.02321,2.68047,0.504405,0,0,0.788348,5.43347,3.84579,0.068751,0,0.00682151,1.7423,4.06225,1.05304,0,0.0082211,1.04388,6.04838,4.01783,0.0846862,0,0.00771212,2.20658,3.31867,0.399897,0,0.000448708,1.09071,5.92254,3.71174,0.0848389,0,0.0862549,2.18711,3.35501,0.476548,0,0,1.19969,7.23215,3.7333,0.0130395,0,0.0305273,2.17121,3.34709,0.54432,0,0,1.64292,6.89391,3.24347,0.0684849,0,0.0142085,2.30046,3.33513,0.370034,0,0.00186025,1.98715,7.32968,3.28601,0.090169,0,0.216061,3.10541,3.18973,0.298356,0,0.000101544,2.12796,7.28944,3.08277,0.00556566,0,0.0629338,2.19905
38.638004535,0.273805,0,0.000542165,0.971836,2.49824,0.499305,0,0,0.541973,4.61203,3.07986,0.068751,0,0.00682151,1.75279,4.05481,1.14633,0,0.0082211,0.870127,5.51991,3.40232,0.0846862,0,0.00920537,2.17318,3.20973,0.368083,0,0.000448708,0.953119,5.29135,3.216,0.0848389,0,0.0862607,2.15877,3.29286,0.480968,0,0,1.0984,6.81128,3.51591,0.0130395,0,0.0329173,2.13105,3.14393,0.529584,0,0,1.45681,6.31022,2.89162,0.0684849,0,0.0142085,2.29895,3.27886,0.387642,0,0.00186025,1.83837,6.80418,2.95226,0.090169,0,0.2446,3.19225,3.23509,0.277614,0,0.000101544,1.86822,6.56613,2.74487,0.00556566,0,0.0630445,2.17934
40.124081633,0.252673,0,0.000542165,0.876598,2.10405,0.419099,0,0,0.556848,3.96238,2.66458,0.065705,0,0.00961348,1.52614,3.57094,0.993012,0,0.0082211,0.698562,4.56993,2.85742,0.0687629,0,0.0115393,1.80003,2.67184,0.385086,0,0.000448708,0.68941,4.20951,2.61032,0.0531813,0,0.0869573,1.64724,2.62858,0.358404,0,0,0.927737,5.58773,2.84926,0.0165639,0,0.0338914,1.96415,2.86139,0.533719,0,0,1.01672,4.62326,2.13514,0.0361134,0,0.0147871,2.18606,3.06502,0.459648,0,0.00186025,1.30975,5.62477,2.42427,0.090169,0,0.251428,3.15436,3.09977,0.286509,0,0.000101544,1.25498,5.2554,2.22858,0.00556566,0,0.0659836,1.97759
41.610158730,0.236597,0.000858342,0.00121022,0.815349,1.87162,0.350777,0,0,0.470237,3.38995,2.43247,0.0767325,0.00246843,0.0093636,1.39431,3.32215,0.919894,0,0,0.604775,4.34727,2.8402,0.0882469,0,0.00945317,1.70101,2.47835,0.34939,0,0,0.61886,3.6363,2.42818,0.0786682,0,0.0486877,1.4272,2.42494,0.35721,0,0,0.899809,5.28461,2.874,0.0451712,0,0.0316704,1.50914,2.21111,0.31373,0,0,0.977165,3.93379,1.88307,0.042262,0,0.00861793,1.69093,2.652,0.449575,0,0.00186025,1.22204,4.79119,2.08078,0.0509365,0,0.209073,2.59994,2.5934,0.216954,0,0.000101544,1.10654,3.9504,1.73742,0.00556566,0,0.0614465,1.62949
43.096235828,0.214482,0.000858342,0.00361615,0.816201,2.03434,0.348297,0.000502252,0.000205731,0.407845,3.04135,2.11378,0.0609149,0.00561723,0.00945283,1.37471,3.23273,0.912054,0.000230789,4.08869e-05,0.530857,4.04871,2.65597,0.0657993,0,0.00894003,1.62729,2.4001,0.339237,5.76066e-05,0.000279066,0.553888,3.33213,2.20569,0.0561708,0.00403909,0.0490019,1.36827,2.30191,0.339563,0.000103818,2.23901e-05,0.883314,5.35287,2.82347,0.0487724,0,0.0323854,1.48215,2.09479,0.294367,8.97964e-05,0.000151398,0.902158,3.66878,1.75226,0.0358923,0.00290276,0.00538054,1.59064,2.51841,0.434076,3.75363e-05,5.147e-05,1.2802,5.16309,2.18802,0.0418974,6.32476e-06,0.196911,2.50872,2.52104,0.214168,5.30535e-05,0,1.04446,3.72326,1.66932,0.00253584,0.00291227,0.0508266,1.56481
44.582312925,0.198197,0.00176699,0.00489191,0.759303,1.76969,0.272241,0.000502252,0.00029093,0.283413,2.45463,1.66797,0.0609149,0.00602361,0.0155252,1.12109,2.76649,0.782988,0.000230789,5.54225e-05,0.481053,3.49479,2.13961,0.0657993,0,0.00894003,1.4024,2.11097,0.298732,0.000122484,0.00144679,0.420345,2.64335,1.64178,0.0561779,0.00403909,0.0491417,1.14942,1.956,0.265626,0.000257718,0.000968139,0.738981,4.69045,2.35712,0.0488353,3.59133e-06,0.0327921,1.21648,1.74234,0.200772,0.00025636,0.00103446,0.684321,2.90521,1.29922,0.036005,0.00372019,0.0092104,1.32539,2.27021,0.394344,0.000114331,0.000442836,1.00805,4.36792,1.70076,0.0419756,1.75501e-05,0.197645,2.39039,2.3891,0.192266,0.000146578,0.00018403,0.68155,2.94322,1.22948,0.00272913,0.00296378,0.0510122,1.46948
46.068390023,0.14825,0.00176699,0.00489191,0.638841,1.5096,0.227804,0.000502252,0.00029093,0.274075,1.89346,1.36947,0.0625261,0.00602361,0.0101581,0.894544,2.52927,0.768405,0.000230789,5.54225e-05,0.378509,2.81641,1.89181,0.0623356,1.46861e-05,0.00982407,1.23603,1.83683,0.307272,0.000139558,0.00297632,0.307848,1.92009,1.39644,0.0499203,0.00411217,0.00993773,0.816143,1.62947,0.26945,0.000257718,0.000968139,0.678865,4.22634,2.24344,0.0499672,0.000107172,0.0179171,1.07392,1.5255,0.208058,0.00025636,0.00103446,0.544788,2.13444,1.03639,0.036005,0.00467431,0.052998,1.27911,2.28422,0.408275,0.000114331,0.000442836,0.906281,3.73011,1.65273,0.0419756,3.45798e-05,0.191642,2.11755,1.90636,0.102151,0.000296606,0.00678557,0.579953,2.25485,1.0725,0.00272913,0.00302656,0.0537951,1.20694
47.554467120,0.11957,0.00176699,0.00491736,0.631484,1.47567,0.229703,0.00236639,0.00029093,0.276033,1.72526,1.17133,0.0399465,0.0075695,0.0126578,0.856887,2.38587,0.672982,0.000738774,5.54225e-05,0.36229,2.64547,1.67282,0.043831,1.46861e-05,0.0154808,1.2328,1.80022,0.313222,0.0299013,0.00371675,0.278839,1.72286,1.21001,0.0426514,0.00411217,0.0102535,0.747073,1.45781,0.21515,0.000446052,0.000968139,0.671371,3.98185,2.12809,0.0594268,0.000107172,0.0182454,0.884189,1.23336,0.123377,0.000839845,0.00103446,0.528711,1.83716,0.872355,0.00934211,0.00587378,0.0540193,1.13482,2.13325,0.388269,0.000177143,0.000442836,0.864515,3.4144,1.47875,0.0203668,3.45798e-05,0.139799,1.88357,1.68512,0.0908999,0.00066124,0.00678557,0.510299,1.81992,0.917322,0.000967171,0.00302656,0.0271376,0.948148
49.040544218,0.120386,0.00177289,0.0050234,0.636811,1.49406,0.234635,0.00660367,0.000500798,0.273069,1.6572,1.11385,0.0402767,0.00777268,0.0246843,0.884886,2.40529,0.677803,0.00297169,0.000117159,0.357351,2.60262,1.63553,0.0441297,6.37562e-05,0.0228688,1.24884,1.81167,0.317925,0.0325868,0.00780188,0.280438,1.67297,1.14591,0.0426514,0.00411217,0.0139284,0.761283,1.47145,0.221311,0.000609513,0.001265,0.658303,3.90015,2.06152,0.0653144,0.00104537,0.018371,0.889013,1.24563,0.132456,0.00360384,0.0011587,0.504194,1.74083,0.81152,0.0096827,0.00611909,0.0642955,1.15007,2.13416,0.393129,0.000248223,0.000521765,0.828387,3.28653,1.38592,0.0203994,3.91552e-05,0.145245,1.88729,1.6851,0.0940343,0.000783965,0.00719639,0.465976,1.70478,0.848978,0.00101686,0.00304567,0.0324406,0.946548
50.526621315,0.119309,0.00177289,0.00847559,0.600257,1.45258,0.234603,0.00865557,0.000500798,0.284825,1.69038,1.18047,0.0501376,0.00777268,0.0259766,0.895225,2.44322,0.695429,0.00297169,0.000117159,0.382985,2.6165,1.65689,0.0439585,0.0040894,0.0321591,1.28547,1.86197,0.341196,0.0328897,0.00780188,0.287257,1.66956,1.16022,0.0450292,0.0157712,0.0390396,0.804605,1.51313,0.227486,0.00166213,0.00748372,0.69259,3.93294,2.09105,0.0651565,0.00104873,0.0194486,0.920373,1.29867,0.148182,0.00535414,0.00118479,0.537273,1.8063,0.852758,0.0109278,0.0130297,0.0877497,1.2056,2.18515,0.398813,0.0036613,0.000562984,0.859683,3.30911,1.41168,0.0203994,0.00401487,0.153461,1.94621,1.75743,0.120807,0.0115016,0.0191459,0.491667,1.73792,0.869356,0.00101686,0.00421727,0.0388632,0.970567
52.012698413,0.15515,0.00177289,0.0117273,0.591713,1.42543,0.26321,0.011614,0.00176365,0.270367,1.6282,1.18008,0.0501359,0.00777268,0.0272347,0.888926,2.43237,0.729214,0.00300291,0.0012739,0.367168,2.51743,1.6402,0.0494534,0.0040894,0.0317269,1.25333,1.8201,0.369117,0.0329066,0.00780188,0.300612,1.63156,1.14343,0.0469723,0.0158239,0.0418986,0.779242,1.46226,0.224382,0.00167775,0.00748372,0.666534,3.7897,2.03741,0.0651565,0.00104873,0.0180472,0.906639,1.32215,0.180292,0.00535999,0.00118479,0.519674,1.71308,0.852669,0.0109104,0.0130297,0.0887019,1.16733,2.16238,0.410899,0.00368558,0.00239118,0.811081,3.18155,1.38539,0.0220092,0.00401487,0.131215,1.85705,1.6911,0.124615,0.0143421,0.0191459,0.49335,1.6789,0.8649,0.00104502,0.00422202,0.0423505,0.984044
53.498775510,0.150429,0.00178306,0.0141441,0.502845,1.24184,0.202817,0.011614,0.00333783,0.214516,1.44592,1.0188,0.0516359,0.00777268,0.028897,0.755608,2.0977,0.648767,0.00300291,0.00339957,0.276971,2.24266,1.41418,0.052525,0.00898712,0.0363555,1.05758,1.63809,0.361336,0.0329066,0.00780188,0.25256,1.46746,1.02832,0.0517553,0.0158239,0.0404836,0.64799,1.26846,0.194546,0.00167775,0.00748372,0.571501,3.4194,1.8751,0.0789164,0.00104873,0.0165852,0.79049,1.14712,0.19092,0.00712027,0.00118479,0.469176,1.6274,0.840576,0.0246036,0.0130297,0.0908405,1.12899,1.97212,0.369208,0.00557365,0.00239118,0.716769,2.94979,1.29987,0.0273142,0.00401487,0.12472,1.62187,1.52649,0.164404,0.0143421,0.0191459,0.517635,1.71015,0.87196,0.00104502,0.00422202,0.027041,0.833785
54.984852608,0.136196,0.00988206,0.0142772,0.470686,1.17638,0.213461,0.0137539,0.0061444,0.275857,1.32723,0.899638,0.0496975,0.00777268,0.0468904,0.840121,2.1943,0.605141,0.00303246,0.00660441,0.296091,2.05716,1.36834,0.050433,0.00898712,0.0562453,0.967249,1.48241,0.325195,0.0368669,0.00843636,0.254887,1.37128,0.946515,0.0554798,0.0287545,0.0508465,0.602035,1.13345,0.179447,0.00214845,0.0084109,0.536484,3.13451,1.71724,0.079407,0.00154158,0.0229298,0.739218,1.02787,0.149926,0.0226544,0.011817,0.39227,1.39421,0.726552,0.0246036,0.0130297,0.104616,1.02766,1.74912,0.347569,0.00741785,0.0030106,0.660452,2.6339,1.12179,0.0273142,0.00401487,0.129263,1.54193,1.47568,0.180881,0.0149039,0.0227214,0.396823,1.40063,0.69864,0.00778519,0.00495961,0.0610683,0.777506
56.470929705,0.148459,0.00988206,0.0141508,0.382424,1.04931,0.204982,0.0139453,0.0061444,0.282683,1.41319,0.948352,0.0597586,0.0132538,0.0468904,0.745534,1.95757,0.524845,0.00398854,0.00660441,0.269409,2.09719,1.35522,0.0858534,0.0363676,0.0562453,0.990381,1.49865,0.340866,0.0376949,0.00843636,0.258513,1.34003,1.01551,0.192292,0.0524679,0.0508465,0.592063,1.05053,0.165095,0.00214845,0.0084109,0.516709,3.0655,1.70335,0.0854063,0.00154158,0.0191548,0.704978,1.09058,0.256029,0.0605769,0.011817,0.420821,1.37825,0.778471,0.0791491,0.0388613,0.104616,0.992586,1.70718,0.353875,0.00762406,0.0030106,0.720542,2.73462,1.14462,0.0311773,0.00992057,0.133667,1.60504,1.55277,0.211094,0.0149039,0.0227214,0.411388,1.44357,0.778631,0.00778519,0.00495961,0.0942116,0.789012
57.957006803,0.136573,0.00988206,0.0141508,0.332958,0.93869,0.205659,0.0139453,0.1011,0.375959,1.42827,0.950112,0.0597586,0.0132538,0.050186,0.725973,1.73558,0.45224,0.00398854,0.00660441,0.230371,2.04242,1.29752,0.0858534,0.0363676,0.0543998,0.88326,1.33965,0.345224,0.0376949,0.100918,0.305855,1.25359,0.917383,0.192292,0.0524679,0.0540564,0.575434,0.900368,0.129726,0.00214845,0.0084109,0.463451,2.88359,1.55258,0.0854063,0.00742514,0.0221652,0.547093,0.868566,0.245491,0.0605769,0.0181393,0.374594,1.2761,0.718263,0.0791491,0.0388613,0.104375,0.830915,1.41444,0.298588,0.00762406,0.0396544,0.700086,2.47719,0.999504,0.0311773,0.0139526,0.0822507,1.34966,1.31787,0.200648,0.0149039,0.0810175,0.420178,1.28907,0.697033,0.0196985,0.0186559,0.138694,0.755836
59.443083900,0.13684,0.0136839,0.0188088,0.311808,0.921127,0.214656,0.0139453,0.103158,0.342803,1.29598,0.866016,0.0952066,0.100082,0.121071,0.701201,1.61294,0.44749,0.00398854,0.00690329,0.188981,1.82342,1.14634,0.0861679,0.0423174,0.0594722,0.76777,1.20813,0.333677,0.0376949,0.100918,0.27434,1.17948,0.870827,0.247217,0.181484,0.132464,0.507279,0.762616,0.122564,0.00214845,0.00933501,0.460683,2.83939,1.62746,0.0900982,0.0206413,0.0290928,0.479122,0.793086,0.236259,0.0605769,0.0181393,0.289779,1.15703,0.691061,0.0896407,0.0388613,0.101882,0.745775,1.20239,0.290192,0.00762406,0.0412622,0.848857,2.92055,1.28627,0.0320789,0.0139526,0.07317,1.14906,1.17601,0.193809,0.0149039,0.0811964,0.392364,1.21887,0.652329,0.0196985,0.0186559,0.135333,0.677669
60.929160998,0.132235,0.0150188,0.0188908,0.199346,0.701254,0.173631,0.0139453,0.10772,0.345512,1.16659,0.807028,0.0998813,0.103095,0.12125,0.640687,1.47592,0.394701,0.00464412,0.070021,0.251544,1.64884,1.04714,0.0789718,0.0424202,0.0594722,0.637235,1.03686,0.309738,0.0384128,0.108974,0.285359,1.09619,0.828695,0.252595,0.184268,0.132616,0.50228,0.734549,0.122156,0.00214845,0.00933501,0.449918,2.67147,1.56889,0.0894901,0.0272044,0.0327931,0.396033,0.706393,0.246685,0.0730756,0.0186124,0.283081,1.06809,0.640523,0.0910396,0.0470008,0.109851,0.711249,1.15249,0.291886,0.00775821,0.0412622,0.812768,2.70743,1.23629,0.037395,0.0182968,0.0732229,1.1173,1.1603,0.194619,0.0159155,0.0811975,0.352224,1.088,0.564642,0.0207208,0.0187777,0.13407,0.648805
62.415238095,0.138279,0.015564,0.0188057,0.166643,0.586905,0.16992,0.014037,0.120543,0.329898,1.08526,0.762588,0.0998847,0.103095,0.121463,0.541946,1.19674,0.281082,0.00464412,0.0706994,0.230109,1.45216,0.955381,0.112425,0.0482402,0.0596441,0.538752,0.895236,0.310938,0.0407949,0.115389,0.299517,1.01555,0.745743,0.324921,0.235833,0.140494,0.403375,0.577476,0.103421,0.00214845,0.0157089,0.358328,2.34602,1.38242,0.0894901,0.0272044,0.032166,0.322685,0.627817,0.254021,0.0746971,0.0603901,0.391188,1.03289,0.600154,0.153773,0.0938258,0.116807,0.581715,1.00345,0.260781,0.00796397,0.042765,0.853662,2.7332,1.24049,0.037395,0.0225677,0.0455667,0.954379,1.00305,0.195723,0.0159912,0.119535,0.394168,0.997218,0.538192,0.0207208,0.0194276,0.137907,0.552155
63.901315193,0.152678,0.0155967,0.018875,0.161173,0.563998,0.165722,0.0144244,0.121554,0.309441,0.916767,0.636153,0.122841,0.111349,0.118776,0.452496,0.955188,0.258776,0.00464412,0.0714361,0.209959,1.30745,0.842798,0.122257,0.0486124,0.058554,0.424656,0.732361,0.278904,0.0409098,0.115601,0.250356,0.831044,0.645084,0.340928,0.240531,0.140022,0.334679,0.438956,0.0744817,0.0041273,0.0200118,0.310719,2.06635,1.18362,0.0932718,0.0272169,0.0317823,0.255861,0.504392,0.250018,0.0748404,0.0613618,0.344247,0.885918,0.527286,0.155957,0.0944488,0.116638,0.489833,0.772825,0.182465,0.00816101,0.0451354,0.772802,2.52219,1.11569,0.0385927,0.0225682,0.0389213,0.685224,0.7619,0.187188,0.0160055,0.119535,0.435729,0.959936,0.458978,0.0210119,0.0194687,0.134973,0.422182
65.387392290,0.179451,0.023282,0.0183642,0.164177,0.550518,0.15964,0.0150558,0.122899,0.309808,0.821637,0.55678,0.145189,0.155434,0.132351,0.451744,0.909114,0.246634,0.00547897,0.0842003,0.252143,0.996845,0.65439,0.0971569,0.0489492,0.0586307,0.424344,0.712509,0.273447,0.0427708,0.120949,0.256562,0.745335,0.59824,0.376768,0.250627,0.140347,0.328375,0.393975,0.0723279,0.0061355,0.0232377,0.297555,1.7179,0.9796,0.0627701,0.0282527,0.0322881,0.249264,0.47964,0.249788,0.0785612,0.070154,0.343769,0.800009,0.468471,0.150998,0.0945114,0.117156,0.478765,0.743525,0.182465,0.00859213,0.0483907,0.747858,2.19552,1.00203,0.0357483,0.0230478,0.0389317,0.670905,0.739627,0.188861,0.0257125,0.136896,0.406943,0.845696,0.403576,0.0281363,0.0222414,0.135404,0.41142
66.873469388,0.266567,0.152941,0.0656095,0.0909258,0.297495,0.155622,0.0157729,0.133493,0.310679,0.78596,0.547695,0.142644,0.153005,0.143732,0.506148,0.95202,0.265439,0.0206783,0.0842972,0.246514,0.962746,0.762822,0.380128,0.221189,0.0734989,0.414419,0.686268,0.277544,0.0433012,0.127985,0.316547,0.786841,0.589503,0.371376,0.246588,0.142731,0.370584,0.459871,0.0944071,0.00779383,0.0267475,0.267159,1.38348,1.03621,0.223388,0.0589871,0.0348593,0.245227,0.466311,0.249788,0.0784714,0.167135,0.417841,0.793647,0.463275,0.158146,0.10671,0.181401,0.53219,0.748068,0.183826,0.0108754,0.0493045,0.608888,1.64914,0.971426,0.134412,0.0249875,0.045795,0.674513,0.733398,0.188967,0.0256595,0.136896,0.406621,0.845032,0.410191,0.0336622,0.0193292,0.135404,0.411465
68.359546485,0.301962,0.15276,0.0742432,0.15553,0.315996,0.159003,0.0238765,0.136472,0.308096,0.889911,0.577712,0.144005,0.173366,0.1828,0.534267,0.934335,0.292107,0.22589,0.145295,0.245249,0.95207,0.791712,0.415896,0.298612,0.103996,0.404601,0.674147,0.278119,0.0512553,0.216018,0.332372,0.7867,0.5829,0.371369,0.246704,0.14385,0.389884,0.590171,0.211747,0.200883,0.0795904,0.260899,1.35084,1.06417,0.232877,0.0600614,0.0939172,0.249305,0.457541,0.288581,0.14543,0.20088,0.414554,0.796535,0.464733,0.158989,0.201282,0.272469,0.583278,0.867664,0.218059,0.0180228,0.0500119,0.633096,1.80194,1.04024,0.184159,0.03819,0.0450616,0.655408,0.747243,0.216601,0.120146,0.158168,0.406332,0.84542,0.408787,0.0334689,0.148654,0.212976,0.46984
69.845623583,0.284867,0.153586,0.0805745,0.154435,0.307895,0.236729,0.0244438,0.136834,0.320165,0.884215,0.605367,0.144901,0.181535,0.182442,0.480928,0.768305,0.266522,0.241106,0.145295,0.23238,0.875422,0.756094,0.418754,0.326448,0.202116,0.506931,0.607737,0.256572,0.055623,0.214488,0.295606,0.712925,0.571606,0.372263,0.261632,0.169771,0.374726,0.532617,0.20872,0.210674,0.112631,0.26471,1.18324,1.02215,0.231745,0.0599578,0.0894206,0.226765,0.428707,0.310965,0.171419,0.218926,0.407585,0.77957,0.440474,0.159002,0.200376,0.232704,0.480848,0.61062,0.253357,0.0640615,0.0504336,0.629184,1.75274,1.03577,0.343343,0.089817,0.0709398,0.551933,0.658913,0.213278,0.120224,0.151566,0.377021,0.778908,0.356691,0.0405368,0.159206,0.213623,0.418963
71.331700680,0.285167,0.154433,0.0813661,0.153402,0.298525,0.223177,0.0233402,0.136834,0.300833,0.871852,0.622739,0.150366,0.183656,0.188666,0.493372,0.768011,0.26128,0.241853,0.155739,0.239372,0.857988,0.754902,0.418425,0.330661,0.22459,0.530246,0.580916,0.202941,0.0277506,0.213748,0.294971,0.690372,0.550926,0.369397,0.276315,0.17986,0.390662,0.547559,0.218251,0.210932,0.112631,0.251776,1.08837,0.939323,0.231835,0.108339,0.120021,0.229951,0.423557,0.308766,0.18192,0.218926,0.402631,0.754041,0.434751,0.15733,0.199177,0.231886,0.47285,0.650943,0.336912,0.0702995,0.0504336,0.607699,1.68859,1.00574,0.33591,0.089817,0.0729597,0.54491,0.66132,0.218824,0.120755,0.151566,0.389885,0.770095,0.360135,0.0405368,0.159396,0.219495,0.414724
72.817777778,0.285042,0.159513,0.0820912,0.150261,0.286796,0.224616,0.0249609,0.143489,0.29685,0.859678,0.611896,0.150714,0.185369,0.177253,0.468266,0.74784,0.257193,0.242228,0.171508,0.246342,0.838116,0.735457,0.421485,0.343649,0.218809,0.515413,0.572264,0.198877,0.0276723,0.21081,0.27784,0.665583,0.540154,0.371735,0.284242,0.18011,0.376623,0.532314,0.212595,0.21359,0.113017,0.241125,1.07001,0.925557,0.227865,0.108255,0.123621,0.23305,0.417684,0.302229,0.184171,0.221317,0.399003,0.751459,0.436327,0.16042,0.199858,0.223953,0.458227,0.642175,0.334152,0.0749346,0.0527382,0.603649,1.67908,1.00418,0.349367,0.100475,0.0710969,0.54235,0.66203,0.219509,0.122344,0.152778,0.390849,0.769029,0.35959,0.0456407,0.165663,0.215865,0.409853
74.303854875,0.281572,0.167506,0.0911084,0.149019,0.276009,0.218869,0.023016,0.143489,0.28526,0.786764,0.541302,0.140128,0.187793,0.178166,0.468477,0.738223,0.253182,0.295181,0.246859,0.220982,0.769821,0.700436,0.41998,0.343231,0.21721,0.474752,0.509718,0.181807,0.0384507,0.22185,0.270945,0.637028,0.520422,0.37004,0.285474,0.164756,0.336088,0.492919,0.208038,0.235303,0.145843,0.205338,0.988738,0.885423,0.22792,0.110886,0.123192,0.197017,0.360625,0.28852,0.218627,0.277155,0.365757,0.66398,0.389948,0.159381,0.198478,0.202356,0.405514,0.592493,0.328468,0.0761928,0.0574641,0.5658,1.60227,0.968028,0.350794,0.0968533,0.0629602,0.484732,0.597279,0.19352,0.120504,0.146077,0.366458,0.722897,0.33763,0.0463316,0.165268,0.210419,0.38818
75.789931973,0.245714,0.167506,0.0922702,0.122621,0.224309,0.211993,0.0322838,0.181866,0.337335,0.747649,0.487921,0.140038,0.187793,0.210917,0.43129,0.612715,0.217421,0.304961,0.252662,0.224977,0.69917,0.637567,0.414716,0.343715,0.215401,0.423055,0.419592,0.15852,0.0421514,0.24467,0.285331,0.587811,0.493795,0.36796,0.285422,0.161897,0.314147,0.487724,0.24406,0.26593,0.15903,0.191555,0.917839,0.839672,0.231131,0.112271,0.121442,0.144577,0.272026,0.254132,0.22012,0.278211,0.461358,0.826494,0.446134,0.161669,0.19968,0.201404,0.359414,0.537649,0.313078,0.0803818,0.0596178,0.648946,1.76269,1.03695,0.349792,0.0973867,0.0609059,0.452162,0.570588,0.191019,0.123007,0.151445,0.416662,0.83239,0.382349,0.0512297,0.169176,0.207382,0.346238
77.276009070,0.253602,0.178555,0.0969043,0.116847,0.183206,0.19484,0.0328737,0.182392,0.332594,0.710274,0.476992,0.138925,0.187929,0.209474,0.420763,0.543343,0.193986,0.306535,0.250835,0.209983,0.61977,0.593472,0.412405,0.338995,0.211038,0.401998,0.328012,0.132638,0.0429782,0.24473,0.268588,0.497598,0.424888,0.363396,0.286876,0.167247,0.295575,0.415952,0.226255,0.266315,0.159966,0.177198,0.773983,0.700342,0.217883,0.11253,0.122149,0.116417,0.207383,0.238689,0.21836,0.278326,0.419464,0.652151,0.310454,0.151715,0.204789,0.201235,0.209524,0.328176,0.250334,0.0825761,0.0632222,0.647914,1.67384,0.971364,0.344653,0.0975051,0.0586664,0.383197,0.45633,0.146294,0.123072,0.151464,0.341495,0.597887,0.274014,0.0538663,0.171605,0.207844,0.303132
78.762086168,0.241092,0.196449,0.103282,0.113296,0.144983,0.154599,0.0548428,0.204631,0.277097,0.620202,0.439905,0.138925,0.194116,0.22953,0.31152,0.266427,0.186731,0.307519,0.254416,0.189428,0.565383,0.479058,0.41368,0.34254,0.196414,0.332347,0.272285,0.11087,0.0390179,0.247139,0.258024,0.44518,0.393275,0.372838,0.274354,0.164778,0.299699,0.389223,0.251748,0.305079,0.159852,0.144446,0.697407,0.63975,0.217858,0.112037,0.115804,0.0883098,0.175267,0.235328,0.204912,0.275937,0.400856,0.585888,0.276225,0.167304,0.217459,0.194895,0.173453,0.311793,0.262109,0.129382,0.074147,0.58387,1.60509,0.957267,0.345412,0.101603,0.0572039,0.216474,0.28131,0.104587,0.124471,0.148512,0.335513,0.576213,0.253285,0.0486239,0.17963,0.180777,0.233719
80.248163265,0.234506,0.217468,0.218808,0.251838,0.140167,0.149886,0.0557038,0.233531,0.480792,0.601808,0.368968,0.127712,0.188635,0.230041,0.282801,0.236607,0.163637,0.306563,0.257353,0.277082,0.523138,0.461398,0.37826,0.316506,0.278694,0.451439,0.242867,0.0868103,0.0381899,0.247917,0.354344,0.469191,0.298033,0.232222,0.25064,0.164803,0.219355,0.331565,0.251584,0.339129,0.199391,0.134829,0.622104,0.630895,0.226919,0.112037,0.133306,0.0784042,0.0778925,0.12865,0.166989,0.276588,0.375367,0.546691,0.219832,0.112503,0.191627,0.194895,0.141804,0.253677,0.222901,0.129176,0.135648,0.633558,1.55021,0.906964,0.341549,0.0956976,0.0495449,0.123408,0.108047,0.0743747,0.124471,0.148512,0.314791,0.479072,0.166957,0.0486239,0.17963,0.154231,0.156932
81.734240363,0.234506,0.217468,0.218808,0.256088,0.150429,0.147849,0.0557038,0.140841,0.394028,0.660293,0.403323,0.127712,0.188635,0.226746,0.28921,0.309994,0.199572,0.306563,0.259007,0.31351,0.462122,0.421332,0.37826,0.316506,0.283444,0.488443,0.253756,0.0771895,0.0381899,0.155435,0.295945,0.483466,0.377046,0.232421,0.25064,0.161594,0.159929,0.382389,0.284283,0.339129,0.206091,0.20769,0.68455,0.700233,0.227675,0.106153,0.129749,0.0841466,0.0951675,0.131902,0.166989,0.287342,0.455226,0.568343,0.426716,0.118813,0.191627,0.20338,0.196909,0.53857,0.367007,0.134563,0.107786,0.696919,1.69254,1.03033,0.34533,0.104113,0.11816,0.306059,0.174153,0.0767021,0.124471,0.10471,0.384452,0.595883,0.376809,0.0444349,0.165933,0.126868,0.238039
83.220317460,0.244367,0.213666,0.21415,0.274547,0.148442,0.136187,0.0557038,0.139712,0.429638,0.820624,0.437661,0.0924271,0.101806,0.15586,0.308451,0.365243,0.200087,0.306563,0.266969,0.545677,0.767434,0.499949,0.377765,0.310556,0.279145,0.536131,0.298931,0.0840821,0.0381899,0.15551,0.346573,0.577933,0.376325,0.177495,0.121624,0.0807596,0.198085,0.406229,0.284394,0.339129,0.20976,0.362707,0.773105,0.606353,0.222602,0.0929371,0.122822,0.0899488,0.0996544,0.131902,0.166989,0.288299,0.51411,0.658721,0.419651,0.108321,0.191627,0.20338,0.21706,0.561863,0.367007,0.134563,0.106876,0.605032,1.30566,0.71379,0.344428,0.104113,0.120165,0.368366,0.197274,0.0767021,0.124471,0.104531,0.391729,0.63018,0.37255,0.0444349,0.165933,0.126868,0.247401
84.706394558,0.279273,0.212331,0.214068,0.30309,0.209967,0.156489,0.0557038,0.13515,0.42693,1.22196,0.698271,0.12424,0.0987929,0.155682,0.341682,0.44807,0.22607,0.305908,0.203851,0.477268,0.913847,0.659616,0.403226,0.310453,0.279145,0.597573,0.406557,0.106025,0.0374721,0.147454,0.335555,0.803968,0.492613,0.174101,0.11884,0.0806073,0.203821,0.419438,0.287997,0.339129,0.20976,0.365023,1.00815,0.741259,0.230432,0.086374,0.119121,0.128945,0.156943,0.11777,0.154491,0.287825,0.528722,0.809017,0.489099,0.11009,0.183488,0.194287,0.250258,0.615196,0.371153,0.134428,0.106876,0.652347,1.61866,0.947457,0.339112,0.099769,0.120112,0.428302,0.247488,0.0798842,0.123459,0.10453,0.457878,0.853133,0.465879,0.0434126,0.165812,0.126868,0.271648
86.192471655,0.301053,0.211786,0.214028,0.304064,0.215241,0.160623,0.0556121,0.122327,0.502744,1.51712,0.860315,0.124237,0.0987929,0.155468,0.354033,0.517452,0.247251,0.305908,0.203173,0.555939,1.14311,0.756443,0.369772,0.304633,0.280256,0.623583,0.448421,0.099264,0.0350899,0.141039,0.337838,0.905241,0.687875,0.101775,0.0672756,0.0727231,0.215147,0.419516,0.282568,0.339129,0.203386,0.398845,1.23034,0.942077,0.230432,0.086374,0.117358,0.130116,0.153809,0.110275,0.152869,0.246048,0.454135,0.970537,0.573971,0.0473563,0.136663,0.195111,0.318757,0.692218,0.379989,0.134223,0.105374,0.586954,1.53245,0.890009,0.339112,0.0954981,0.136138,0.520769,0.345064,0.0893384,0.123383,0.0661922,0.489665,1.19073,0.597017,0.0434126,0.165162,0.122921,0.277013
87.678548753,0.295297,0.213652,0.213959,0.397443,0.475899,0.271813,0.0552247,0.121316,0.475169,1.58908,0.987632,0.101539,0.0908821,0.155364,0.36566,0.595014,0.301468,0.309879,0.202436,0.547569,1.2144,0.888168,0.404084,0.305063,0.279012,0.662212,0.48969,0.107633,0.034975,0.140827,0.351564,0.990395,0.707753,0.0880714,0.0631122,0.0724986,0.243178,0.461199,0.292691,0.338688,0.199083,0.452508,1.4956,1.02298,0.228792,0.0913345,0.116768,0.151711,0.211988,0.129332,0.152737,0.245076,0.500621,1.07142,0.654016,0.0474198,0.13604,0.194701,0.33497,0.777825,0.400428,0.134026,0.103003,0.702888,1.77912,1.14586,0.358821,0.0954975,0.135955,0.563555,0.361734,0.0901458,0.123369,0.0661922,0.467119,1.22355,0.64527,0.0431215,0.165121,0.122915,0.322594
89.164625850,0.2576,0.206401,0.214998,0.397054,0.468491,0.269946,0.0549232,0.124281,0.492837,1.65801,0.987108,0.0649215,0.0443286,0.140998,0.443721,0.748835,0.350748,0.309044,0.197801,0.51506,1.22774,0.939256,0.401841,0.304978,0.321388,1.02799,0.775234,0.147302,0.033196,0.135479,0.371619,1.23772,0.732778,0.0427311,0.0530155,0.0721742,0.28725,0.500793,0.300099,0.336679,0.19626,0.535513,1.77138,1.14643,0.239853,0.0981651,0.12146,0.16825,0.240811,0.128288,0.14949,0.242615,0.488493,1.08449,0.650144,0.0495731,0.138443,0.194184,0.373516,0.831195,0.417829,0.133595,0.102276,0.696152,1.79976,1.15453,0.365026,0.0970096,0.19082,0.737419,0.461402,0.0949655,0.113662,0.0507118,0.518008,1.42035,0.761947,0.0478017,0.162619,0.122484,0.330799
90.650702948,0.172741,0.0770261,0.165445,0.428681,0.554414,0.306675,0.0553597,0.113481,0.487499,1.82666,1.08274,0.0641795,0.0437725,0.129528,0.498106,0.936979,0.378612,0.293653,0.197664,0.524879,1.34055,0.813973,0.119309,0.132788,0.305494,1.082,0.862611,0.147533,0.0326081,0.128164,0.317112,1.27804,0.77122,0.044552,0.0534189,0.0705461,0.317294,0.544922,0.304995,0.334917,0.192728,0.567098,2.00547,1.05706,0.0759022,0.0674308,0.120314,0.18889,0.268672,0.129105,0.14949,0.145483,0.41819,1.31781,0.655831,0.0420131,0.123574,0.129821,0.489215,1.08005,0.423801,0.131609,0.102771,0.723925,1.81803,1.00972,0.261004,0.0965466,0.187783,0.780123,0.504978,0.0948596,0.113778,0.0508893,0.524781,1.46419,0.767761,0.0436582,0.162619,0.122484,0.494858
92.136780045,0.149216,0.0782555,0.15676,0.392748,0.61044,0.316013,0.0473997,0.110416,0.495069,1.81888,1.19727,0.0734069,0.0230056,0.0935008,0.529669,1.07631,0.372475,0.0893378,0.136651,0.527391,1.40096,0.978266,0.0966672,0.0553646,0.27611,1.12422,0.974451,0.164383,0.0251918,0.0389631,0.302718,1.39669,0.980328,0.0544978,0.0533028,0.0729046,0.311718,0.423446,0.188823,0.141732,0.138939,0.586145,2.09487,1.12429,0.0704398,0.0663529,0.0670557,0.191809,0.320017,0.096495,0.0827383,0.110855,0.429074,1.40336,0.740993,0.044065,0.0281844,0.0427897,0.473473,1.03824,0.39921,0.124688,0.101672,0.710694,1.75341,1.00821,0.213257,0.0833328,0.188331,0.790283,0.507512,0.0683532,0.0191977,0.0294333,0.540649,1.58233,0.815824,0.0443121,0.0332428,0.0454871,0.453088
93.622857143,0.173093,0.082038,0.17191,0.419132,0.588846,0.257266,0.062069,0.112241,0.494934,1.85791,1.17144,0.0880413,0.0299561,0.0972166,0.543671,1.13903,0.34997,0.0764269,0.139352,0.535804,1.48665,1.05759,0.101772,0.0315505,0.177105,0.978878,0.974155,0.171245,0.0341855,0.043288,0.330477,1.46403,1.02482,0.0546239,0.0401151,0.0504461,0.509208,0.558719,0.274045,0.137741,0.106678,0.568915,2.30569,1.18673,0.0984056,0.0866943,0.0744361,0.270493,0.354198,0.0785152,0.0590753,0.0939122,0.449644,1.76982,0.860933,0.0612013,0.0381817,0.0387673,0.492282,1.15068,0.400923,0.0893294,0.116515,0.772718,1.92785,0.993267,0.0564566,0.0354746,0.217499,1.06155,0.648901,0.122304,0.0218682,0.0320203,0.591855,1.89564,0.879721,0.0398151,0.0241696,0.0823481,0.722614
95.108934240,0.168274,0.0814537,0.174279,0.421951,0.58987,0.254988,0.0626886,0.113443,0.494168,1.84457,1.1761,0.0872031,0.0269523,0.0893156,0.526725,1.12892,0.342716,0.0792794,0.144008,0.527827,1.47107,1.06733,0.101543,0.028121,0.152259,0.921186,0.939855,0.158988,0.0328515,0.0453894,0.340451,1.47214,1.02522,0.0501716,0.0277756,0.0502063,0.502342,0.540224,0.255904,0.1418,0.109832,0.588845,2.35867,1.20091,0.0837872,0.0399548,0.0438113,0.264861,0.352641,0.0708464,0.0515883,0.104728,0.452269,1.74032,0.853689,0.0632461,0.0407396,0.0430094,0.492853,1.08385,0.299043,0.0865402,0.120311,0.795204,1.93596,0.987373,0.0564566,0.0354746,0.216103,1.05884,0.626627,0.094425,0.023107,0.03635,0.560542,1.8276,0.837518,0.0410374,0.0268207,0.0795275,0.725502
96.595011338,0.180664,0.0788346,0.173448,0.422552,0.584865,0.249603,0.0570053,0.106578,0.501896,1.86291,1.19431,0.115317,0.0354733,0.0890183,0.52248,1.12431,0.342534,0.0768448,0.128237,0.532372,1.6183,1.12101,0.104126,0.0194375,0.151786,0.924614,0.941201,0.160113,0.0308594,0.0442423,0.343585,1.49581,1.06952,0.0560554,0.0198487,0.046281,0.501614,0.542405,0.2598,0.140045,0.109355,0.615537,2.36469,1.20528,0.0841115,0.039101,0.0508668,0.26917,0.351854,0.0700739,0.0468756,0.102213,0.452096,1.74593,0.851211,0.0616083,0.0398133,0.0407216,0.488439,1.08372,0.305544,0.082316,0.117927,0.80575,1.96147,1.05629,0.0446474,0.0248777,0.215559,1.05859,0.621773,0.0926437,0.0223328,0.0398262,0.589705,1.82764,0.845672,0.0666451,0.0330752,0.0778698,0.724461
98.081088435,0.182203,0.0710065,0.161305,0.415397,0.590275,0.247835,0.0571617,0.109261,0.521373,1.9981,1.26233,0.121967,0.0331046,0.0994681,0.533442,1.10436,0.329459,0.0246981,0.0597685,0.558743,1.70185,1.13975,0.107242,0.0158301,0.147756,1.02358,0.955638,0.153567,0.0197781,0.0380408,0.368363,1.53773,1.08349,0.0589654,0.00734756,0.0371754,0.513645,0.5507,0.264509,0.117587,0.0727928,0.628509,2.39418,1.21844,0.0859174,0.0397933,0.0588158,0.269646,0.354434,0.0712012,0.0123831,0.0479005,0.46151,1.77191,0.865109,0.0628551,0.0343866,0.0473999,0.501513,1.08598,0.307888,0.0776448,0.114097,0.812068,1.96645,1.08475,0.0478028,0.0249719,0.21569,1.05942,0.614712,0.0921882,0.0134883,0.0365136,0.609398,1.85778,0.854868,0.0692896,0.0327024,0.0773505,0.722459
99.567165533,0.447286,0.202358,0.173338,0.423571,0.597561,0.226584,0.0449355,0.0696217,0.470514,2.02237,1.27591,0.164339,0.0577039,0.0739669,0.523639,1.13355,0.315785,0.0148873,0.0528092,0.556992,1.7337,1.14492,0.10712,0.0153457,0.150822,1.05354,0.990006,0.150599,0.0161216,0.0152204,0.354521,1.55837,1.06662,0.0592172,0.00734756,0.0371754,0.527283,0.548292,0.232021,0.0912894,0.0630744,0.645871,2.46021,1.22394,0.0857733,0.0388998,0.0621108,0.288825,0.388989,0.0707884,0.0108849,0.0468448,0.388209,1.66372,0.810941,0.0648577,0.0331843,0.0506291,0.556446,1.25878,0.307507,0.0734315,0.114891,0.772093,1.95936,1.03774,0.0545079,0.0255885,0.21569,1.07763,0.730373,0.145281,0.00814459,0.0457316,0.671061,2.00297,0.849761,0.0719496,0.0291619,0.0782528,0.748688
101.053242630,0.449953,0.198063,0.168373,0.424452,0.601478,0.228833,0.0477775,0.0675399,0.466582,2.02361,1.2776,0.190487,0.072512,0.073779,0.52727,1.14246,0.31818,0.0190286,0.0558835,0.557428,1.74219,1.15281,0.158591,0.0380709,0.153724,1.05867,0.990301,0.148167,0.0257708,0.0203895,0.35469,1.57186,1.07986,0.117618,0.0337454,0.0348922,0.526568,0.549645,0.236513,0.106383,0.0647686,0.645583,2.46406,1.22952,0.12141,0.0550497,0.0617919,0.289185,0.391511,0.0862717,0.0312786,0.0528513,0.388013,1.66823,0.811625,0.086406,0.0322723,0.0485515,0.559117,1.26397,0.325558,0.0887281,0.116329,0.771071,1.96046,1.03637,0.0805501,0.0350093,0.21569,1.08016,0.732921,0.156327,0.0137566,0.0472918,0.672094,2.01104,0.854827,0.091858,0.0338048,0.0778475,0.752397
102.539319728,0.468391,0.174588,0.161883,0.424906,0.630489,0.234046,0.079532,0.270803,0.714961,2.08773,1.28381,0.190487,0.0663249,0.0359122,0.503358,1.14241,0.317786,0.0662655,0.229075,0.750547,1.85419,1.32408,0.245514,0.0352694,0.148458,1.04779,0.982078,0.173078,0.0583453,0.079618,0.452883,1.56737,1.05444,0.104451,0.0333373,0.0269982,0.491174,0.53863,0.200966,0.123614,0.238662,0.759937,2.48556,1.22922,0.120945,0.0550497,0.0617919,0.288796,0.390271,0.0863283,0.0653677,0.163672,0.492887,1.81301,0.970465,0.0993992,0.0197803,0.0411162,0.557971,1.26154,0.311102,0.0405699,0.162277,0.842484,2.07511,1.09094,0.0805492,0.0318359,0.212617,1.07796,0.731597,0.155504,0.0349403,0.0636055,0.756178,2.28406,0.9646,0.100512,0.0250427,0.0708875,0.742809
104.025396825,0.462615,0.153939,0.0463617,0.285997,0.645662,0.244708,0.0792858,0.244005,0.514237,1.98351,1.3304,0.39981,0.213484,0.055971,0.499823,1.13602,0.319225,0.0684893,0.226306,0.668245,1.70676,1.28216,0.271652,0.0967224,0.0903405,0.84122,0.865253,0.173078,0.137988,0.305864,0.515595,1.46596,1.0836,0.13355,0.0357504,0.0269729,0.503648,0.606435,0.210411,0.0896992,0.200848,0.747419,2.39852,1.30537,0.328387,0.0918284,0.044686,0.263314,0.389509,0.0863283,0.0653677,0.163021,0.527675,2.03116,1.23547,0.190148,0.0197803,0.0432304,0.569086,1.27146,0.364585,0.0703533,0.100792,0.719166,2.01112,1.15489,0.117555,0.0464762,0.212616,1.0561,0.723202,0.155579,0.0444008,0.0924865,0.784947,2.29438,0.9646,0.100512,0.0250427,0.115283,0.785043
105.511473923,0.462813,0.153939,0.0463617,0.281662,0.756903,0.331346,0.0797881,0.246444,0.485891,1.78231,1.31803,0.51206,0.39018,0.14817,0.417849,0.975121,0.261366,0.0923803,0.232801,0.631816,1.59321,1.20788,0.2782,0.0967224,0.196832,0.927414,0.864278,0.16299,0.161604,0.344011,0.508417,1.34064,0.948225,0.133585,0.0399888,0.0306606,0.487857,0.508609,0.171267,0.0900062,0.194278,0.676213,2.20712,1.23556,0.352263,0.100827,0.0503844,0.257297,0.350768,0.075609,0.0913856,0.184422,0.446288,1.91598,1.01155,0.184012,0.0199713,0.0350286,0.503431,0.985266,0.220574,0.0662507,0.0979139,0.634456,1.82282,1.0717,0.130619,0.0356584,0.14114,0.833934,0.637856,0.269869,0.196922,0.0782074,0.676888,2.09607,0.752332,0.0957413,0.03659,0.129158,0.624487
106.997551020,0.457708,0.167219,0.0523065,0.258921,0.872664,0.399994,0.0934716,0.253967,0.440171,1.61099,1.35557,0.59124,0.519504,0.181128,0.399922,0.919393,0.26051,0.0925077,0.304052,0.471044,1.30994,1.13,0.2782,0.0967224,0.196059,0.880524,0.821249,0.16801,0.167413,0.344721,0.453958,1.22441,0.975913,0.157647,0.0450997,0.0325449,0.449019,0.48477,0.171156,0.0971484,0.247136,0.453306,1.80701,1.07888,0.368536,0.113985,0.0623721,0.283886,0.366532,0.0851164,0.107137,0.187818,0.393599,1.7813,0.985016,0.223654,0.0361957,0.0350286,0.48328,0.970458,0.220574,0.068833,0.118235,0.496042,1.54791,1.05239,0.247914,0.0732667,0.163622,0.779836,0.632002,0.271501,0.220372,0.17731,0.768018,2.00291,0.724464,0.0957413,0.179726,0.178216,0.618774
108.483628118,0.426774,0.168527,0.0523174,0.230412,0.811138,0.381105,0.0946605,0.266948,0.475804,1.21673,1.09475,0.557095,0.522723,0.197639,0.37521,0.837611,0.232784,0.0926488,0.304052,0.471224,1.14032,0.972594,0.252413,0.0977481,0.197555,0.822056,0.718415,0.147437,0.184893,0.355329,0.459573,1.00738,0.866858,0.158342,0.0561383,0.0442178,0.445158,0.48544,0.177446,0.0982338,0.247179,0.451173,1.57116,0.991092,0.388927,0.12054,0.0733834,0.247207,0.303872,0.0739912,0.115992,0.193595,0.385914,1.63535,0.917379,0.223129,0.054355,0.041473,0.495769,0.933897,0.216232,0.0696736,0.11853,0.448241,1.26419,0.840075,0.250933,0.0735498,0.16538,0.720702,0.583277,0.274923,0.224616,0.183314,0.70736,1.7785,0.629813,0.101587,0.185179,0.178536,0.594633
109.969705215,0.393838,0.168527,0.0523174,0.228447,0.805063,0.382006,0.106733,0.319748,0.519699,0.968578,0.913668,0.559198,0.526757,0.228478,0.511149,0.853387,0.210004,0.0926488,0.307564,0.433594,0.960483,0.860436,0.256638,0.0977481,0.194779,0.783869,0.655395,0.147336,0.251114,0.556818,0.576131,0.892628,0.671596,0.158342,0.0821632,0.131638,0.528793,0.472324,0.173459,0.0982338,0.247864,0.418437,1.3536,0.798428,0.39147,0.12146,0.0733834,0.243593,0.299731,0.0830139,0.159893,0.260547,0.343331,1.39522,0.832507,0.226141,0.071851,0.0568537,0.441893,0.867857,0.209352,0.0696736,0.11853,0.420154,1.24952,0.998961,0.309786,0.0736067,0.148472,0.628235,0.508313,0.37029,0.265752,0.183317,0.623317,1.43413,0.498551,0.10247,0.189701,0.231017,0.698445
111.455782313,0.377015,0.166628,0.0523174,0.153884,0.563661,0.274961,0.11243,0.362657,0.688807,1.03929,0.7741,0.551071,0.526415,0.228478,0.499459,0.775748,0.155787,0.0886773,0.354303,0.580757,1.03233,0.742942,0.212495,0.0969461,0.194779,0.766225,0.631054,0.142806,0.256098,0.556818,0.560753,0.804974,0.625055,0.156039,0.0816286,0.131638,0.499811,0.42862,0.161565,0.0966964,0.303404,0.538898,1.27229,0.766024,0.385205,0.116487,0.0733834,0.217933,0.236592,0.064587,0.159882,0.260547,0.31878,1.3715,0.796659,0.223894,0.071851,0.0568537,0.424197,0.778521,0.186582,0.0696736,0.129372,0.355018,1.10438,0.80346,0.28888,0.0736067,0.148472,0.585168,0.491083,0.369123,0.273783,0.188853,0.569247,1.31743,0.448542,0.10247,0.189701,0.231017,0.652671
112.941859410,0.379233,0.165335,0.0511215,0.272274,0.680681,0.300607,0.1121,0.358347,0.689273,1.12954,0.841192,0.547187,0.526415,0.228478,0.492808,0.725559,0.127268,0.0886773,0.346174,0.601777,1.23375,0.783082,0.209811,0.0966946,0.152326,0.491115,0.429564,0.116249,0.256016,0.556818,0.593129,0.769266,0.638678,0.140052,0.0816286,0.131638,0.480728,0.420597,0.154495,0.0966964,0.303002,0.519324,1.22823,0.725505,0.372636,0.108621,0.068186,0.284789,0.273249,0.0676699,0.159408,0.254216,0.353166,1.44382,0.816906,0.22055,0.0693856,0.0568537,0.412583,0.763464,0.16918,0.0696736,0.126844,0.393678,1.24686,0.845107,0.278244,0.071615,0.0935962,0.455063,0.412397,0.362729,0.273783,0.186973,0.594509,1.3086,0.406148,0.0906651,0.189429,0.231017,0.646176
114.427936508,0.38821,0.165051,0.0510227,0.297788,0.739305,0.286701,0.110444,0.358347,0.685987,1.13545,0.826784,0.547182,0.526251,0.228478,0.479192,0.718432,0.145774,0.0886385,0.346174,0.597353,1.32565,0.864536,0.215655,0.0966448,0.156726,0.541802,0.493243,0.13427,0.256016,0.556818,0.58613,0.82025,0.679105,0.143476,0.0812252,0.130568,0.494239,0.456059,0.131678,0.0966964,0.303002,0.528793,1.28447,0.765836,0.373514,0.108621,0.066143,0.324825,0.315287,0.0782438,0.159408,0.254216,0.3634,1.39017,0.859589,0.219826,0.0691526,0.0571046,0.363224,0.709468,0.188988,0.0693389,0.125383,0.391374,1.37379,0.889364,0.279141,0.0701321,0.098133,0.516997,0.479209,0.371585,0.273667,0.186795,0.612331,1.49766,0.465293,0.0889382,0.189429,0.237861,0.597587
115.914013605,0.386254,0.163094,0.0497981,0.304979,0.795632,0.305795,0.110301,0.358347,0.699944,1.17995,0.760402,0.536593,0.526251,0.219364,0.532049,0.90135,0.262702,0.0877417,0.346174,0.616383,1.50729,0.81041,0.202529,0.0966448,0.159875,0.675573,0.617357,0.132055,0.255414,0.556818,0.578442,0.82782,0.533232,0.13353,0.0812252,0.127511,0.582842,0.629908,0.17461,0.0966384,0.303002,0.591133,1.59968,0.901904,0.369425,0.108621,0.0599364,0.388458,0.390713,0.0759919,0.159034,0.254216,0.368295,1.47046,0.823303,0.216818,0.0691526,0.0492382,0.483819,0.86248,0.263608,0.069035,0.125383,0.421791,1.53542,0.897091,0.277064,0.0701321,0.12005,0.74333,0.679319,0.373241,0.273667,0.186795,0.610961,1.50256,0.44897,0.0882844,0.189429,0.240054,0.719607
117.400090703,0.371324,0.158486,0.0283173,0.360641,1.00631,0.331322,0.0950642,0.35616,0.746599,1.24497,0.872666,0.519215,0.511131,0.215593,0.612387,1.13269,0.308761,0.0854367,0.343472,0.694639,1.73538,0.975993,0.194566,0.0926085,0.159875,0.854353,0.817443,0.131385,0.242035,0.552493,0.60248,0.982926,0.675798,0.13251,0.0794117,0.119109,0.463517,0.647288,0.0956085,0.0908381,0.302222,0.673675,1.76433,1.0292,0.343357,0.0882795,0.0550685,0.453663,0.562356,0.0771369,0.156708,0.253112,0.400874,1.24914,0.786308,0.199669,0.0591072,0.0498186,0.576115,0.971734,0.232475,0.058355,0.110119,0.438867,1.67022,1.03287,0.27468,0.0663462,0.0717894,0.597342,0.68675,0.32093,0.270768,0.184208,0.605329,1.33412,0.484156,0.0857134,0.187887,0.199035,0.529548
118.886167800,0.406049,0.158223,0.0251315,0.413748,1.13899,0.369247,0.0936842,0.354958,0.750604,1.46385,0.970814,0.51572,0.510468,0.21477,0.72773,1.35007,0.339751,0.0813298,0.328372,0.687149,2.00624,1.13558,0.198067,0.0918251,0.157034,1.12627,1.17012,0.219179,0.24148,0.550391,0.594532,1.16658,0.795961,0.134254,0.0770687,0.111455,0.600008,0.79395,0.111756,0.0863326,0.299068,0.790538,2.30508,1.32056,0.343175,0.0866375,0.0547648,0.580747,0.751323,0.136512,0.153111,0.242297,0.495249,1.56079,0.897892,0.197624,0.0565493,0.0554335,0.818017,1.28571,0.283584,0.0548434,0.106324,0.545023,2.00771,1.19113,0.27468,0.0663462,0.0838284,1.04983,1.04633,0.381775,0.268634,0.179879,0.702758,1.63663,0.648323,0.0844911,0.185046,0.204025,0.739184
120.372244898,0.394647,0.156146,0.0251315,0.425624,1.22272,0.376136,0.0936892,0.354958,0.743405,1.53869,1.02183,0.487549,0.500031,0.214454,0.771757,1.58029,0.44863,0.0813131,0.32832,0.676661,2.01594,1.18894,0.194532,0.0874972,0.156181,1.14322,1.26182,0.224484,0.24111,0.550391,0.591853,1.27175,0.821235,0.127669,0.0770687,0.111455,0.643075,0.93538,0.122482,0.0853702,0.298862,0.772015,2.54533,1.42743,0.341437,0.0867966,0.0441892,0.622042,0.840174,0.135337,0.152983,0.242306,0.498383,1.68724,0.920855,0.195906,0.0565493,0.0561232,0.895695,1.49556,0.307204,0.054463,0.106427,0.554043,2.19637,1.18759,0.274419,0.0662801,0.0826949,1.12775,1.19062,0.379737,0.267696,0.17478,0.674932,1.81235,0.662739,0.0538211,0.172506,0.205161,0.809623
121.858321995,0.396393,0.155981,0.0248123,0.450856,1.27016,0.389534,0.0934257,0.352275,0.769204,1.49188,0.993136,0.480829,0.500228,0.202186,0.787453,1.65649,0.469479,0.080506,0.321438,0.685839,2.09029,1.28669,0.191416,0.087633,0.152587,1.18479,1.43327,0.253247,0.24111,0.545577,0.5834,1.30547,0.864275,0.124076,0.0768079,0.110927,0.661383,0.966417,0.119709,0.0850627,0.296552,0.872453,2.83097,1.60668,0.339577,0.0834703,0.0356164,0.642802,0.87915,0.132184,0.151269,0.240753,0.549423,1.77761,0.95439,0.194453,0.0566578,0.0478001,0.912814,1.54006,0.310978,0.054463,0.105528,0.613676,2.34845,1.23511,0.269837,0.0659039,0.0863011,1.1935,1.26053,0.380469,0.267891,0.172844,0.67337,1.83875,0.684249,0.0504919,0.172214,0.20474,0.834826
123.344399093,0.520948,0.0551427,0.00807542,0.448834,1.33806,0.483765,0.0934257,0.352275,0.774683,1.50713,1.04314,0.438707,0.475629,0.217521,0.889608,1.76716,0.503004,0.080506,0.321438,0.741814,2.19115,1.33884,0.191219,0.087633,0.149558,1.20846,1.46074,0.258896,0.241049,0.545577,0.588844,1.30885,0.88117,0.123824,0.0768079,0.121827,0.710809,1.0504,0.116175,0.0807176,0.293083,0.878746,2.94661,1.66581,0.33651,0.0829781,0.0323214,0.699037,0.952357,0.150072,0.151269,0.240753,0.569932,1.76529,0.968357,0.190162,0.0566578,0.0450167,0.95175,1.54005,0.328836,0.054463,0.100752,0.606845,2.33002,1.29833,0.262524,0.0647538,0.0977129,1.44507,1.36207,0.360278,0.267891,0.158258,0.59505,1.66095,0.703205,0.0429056,0.171842,0.203388,0.860959
124.830476190,0.514472,0.11072,0.0814491,0.458059,1.36227,0.481503,0.0933769,0.356126,0.80276,1.51902,1.04168,0.493766,0.502306,0.220245,0.885977,1.87966,0.644091,0.149409,0.318065,0.763608,2.22071,1.36663,0.170574,0.0943416,0.146391,1.20166,1.47265,0.302732,0.297495,0.589344,0.625063,1.34348,0.908593,0.175471,0.232372,0.184622,0.711462,1.08291,0.168334,0.0656403,0.290453,0.884756,2.96664,1.79025,0.423846,0.108733,0.0321602,0.698003,1.04083,0.31384,0.19981,0.234632,0.577095,1.77965,1.00415,0.327809,0.36151,0.191027,0.968433,1.58722,0.355683,0.0353212,0.0957099,0.640143,2.39042,1.42095,0.312631,0.056369,0.0977211,1.4451,1.49476,0.644767,0.409738,0.156679,0.607536,1.68283,0.705037,0.0203606,0.16477,0.205679,0.869788
126.316553288,0.694851,0.158183,0.0814293,0.457605,1.34046,0.990205,0.212488,0.127817,0.542359,1.4666,1.24407,0.677181,0.589843,0.230713,0.95256,2.17107,0.701656,0.101158,0.138088,0.574583,2.31704,1.38183,0.212632,0.162726,0.154522,1.27992,1.59285,0.600624,0.299754,0.527072,0.901413,1.59925,0.984216,0.220948,0.289794,0.306586,0.973035,1.29752,0.258401,0.0110749,0.170586,0.886111,2.99209,1.78922,0.423967,0.597826,0.483795,0.706232,1.04083,0.35722,0.303253,0.265281,0.474341,1.62708,0.838614,0.349337,0.408604,0.206356,0.968433,1.58722,0.470113,0.278406,0.0524601,0.56807,2.27562,1.36898,0.352825,0.0659819,0.0977132,1.4451,2.01911,1.66295,0.794419,0.139741,0.523544,1.42339,0.876711,0.316988,0.168902,0.205679,1.18367
127.802630385,0.852659,0.181259,0.0896328,0.461836,1.33485,1.25779,0.296594,0.127195,0.53161,1.47708,1.24024,0.569004,0.461362,0.23315,1.11676,2.48722,0.925271,0.109476,0.13792,0.66883,2.47279,1.38963,0.249088,0.309483,0.371,1.63568,1.9142,0.601847,0.380562,0.714548,0.975067,1.64212,0.975069,0.406765,0.449692,0.401261,1.01065,1.22875,0.310213,0.520468,0.384416,0.945984,3.06342,1.85796,0.456788,0.590522,0.526212,0.750295,1.04927,0.35759,0.303253,0.27207,0.607908,1.69747,1.09833,0.273342,0.409838,0.260612,1.06671,1.66589,0.423656,0.253651,0.168961,0.729047,2.67717,1.33044,0.321732,0.0700416,0.161608,1.56263,2.02607,1.66449,0.785237,0.145763,0.718052,1.53111,1.14465,0.357312,0.170031,0.154686,1.16945
129.288707483,1.07608,0.212347,0.0896328,0.476,1.24179,1.52635,0.426881,0.122489,0.523448,1.49226,1.43421,0.58532,0.296328,0.190222,1.16099,2.77821,1.20375,0.133531,0.194223,0.739823,2.64458,1.50303,0.245191,0.403684,0.352528,1.54662,1.88808,0.598897,0.356946,0.741033,1.34742,1.86205,1.00396,0.406532,0.477487,0.64874,1.21684,1.43708,0.483141,0.523046,0.436489,1.02565,3.11858,2.05277,0.6595,0.91768,0.819457,0.939711,1.33839,0.42613,0.38186,0.680004,0.714589,1.69617,1.09705,0.431204,0.760772,0.55469,1.45883,1.87757,0.488111,0.670559,0.24743,0.728243,2.67545,1.57746,0.763828,0.145834,0.160759,1.56156,2.08667,2.29387,1.37842,0.568795,0.717971,1.65418,1.61684,0.510844,0.41316,0.328239,1.497
130.774784580,1.38184,0.441509,0.0875293,0.476,1.16906,1.79959,0.63737,0.114038,0.522145,1.53795,1.57323,0.70068,0.215381,0.157264,1.23077,3.07524,1.36779,0.135164,0.114711,0.670827,2.69067,1.60647,0.40494,0.430395,0.358127,1.67196,2.06718,0.76153,0.351136,0.752404,1.45679,1.90153,0.992043,0.434309,0.486108,0.804192,1.37064,1.61403,0.585463,0.525258,0.482643,1.0782,3.1203,2.05157,0.643228,0.967745,0.871285,1.00949,1.3205,0.417282,0.394988,0.72635,0.764686,1.68495,1.07752,0.410106,0.818973,0.689255,1.52196,1.87054,0.512599,0.76962,0.296294,0.76174,2.66748,1.55148,0.73072,0.153592,0.168018,1.55472,2.11764,2.34863,1.36887,0.469693,0.591776,1.67945,1.65721,0.512765,0.270024,0.279286,1.49962
132.260861678,1.37785,0.587527,0.0875184,0.475966,1.16906,1.94975,0.809798,0.114846,0.486512,1.53067,1.61072,0.746563,0.212162,0.17296,1.46297,3.63632,1.84433,0.147686,0.114711,0.670648,2.75157,1.67757,0.403705,0.54443,0.554884,2.01101,2.27352,0.759164,0.493934,1.16884,1.78669,1.97019,0.98481,0.431631,0.665634,0.83747,1.58913,1.96394,0.739859,0.789629,0.855563,1.10835,3.31015,2.29191,0.927002,1.24725,1.2684,1.33812,1.44666,0.416281,0.529912,1.22486,1.0446,1.76472,1.54548,0.869974,1.3836,1.43393,1.8028,1.9553,0.686464,1.16194,0.517334,0.870195,2.9835,2.05458,1.25459,0.30034,0.16626,1.68805,2.30755,3.07384,1.89453,0.463689,0.765792,2.18081,2.28631,0.747868,0.273471,0.278966,1.56777
133.746938776,1.49789,0.610066,0.0875184,0.475966,1.18919,2.17773,0.939104,0.0620463,0.361774,1.47374,1.80795,0.999471,0.220126,0.172731,1.37639,3.58345,1.93999,0.15609,0.114186,0.725653,2.84449,1.74269,0.445427,0.54666,0.659288,2.17809,2.31613,0.76003,0.427712,0.967356,2.00947,2.24057,1.00261,0.431631,0.642763,0.785366,1.69788,1.95814,0.739859,0.789629,0.861888,1.12114,3.30551,2.28376,1.12513,1.63716,1.39581,1.33812,1.4456,0.424348,0.515866,1.22628,1.0413,1.76472,1.54548,0.867228,1.37465,1.41077,1.78818,1.9717,0.74335,1.18255,0.518161,0.862919,2.84793,1.85941,1.19574,0.300283,0.16626,1.68805,2.36764,3.58694,2.54847,0.698061,0.765792,2.18081,2.33206,1.00804,0.43637,0.226485,1.75283
135.233015873,1.79178,0.658913,0.0884569,0.456293,1.18481,2.63072,1.01366,0.0364555,0.191777,1.3093,1.90728,1.06728,0.232872,0.178401,1.51139,4.11391,2.3469,0.360532,0.0674478,0.629924,2.83781,1.71664,0.445528,0.697726,0.948395,2.45545,2.55208,0.869411,0.422728,1.35921,2.60754,2.31672,0.992721,0.43239,0.736689,0.999089,1.93352,2.16609,0.739859,0.791577,1.08091,1.0023,3.11549,2.34314,1.49067,1.91702,1.49506,1.34306,1.44561,0.423586,0.522133,1.27699,1.00644,1.67312,1.77096,1.25059,1.51299,1.53158,1.7906,2.0557,0.826178,1.37464,0.607308,0.809992,2.87504,2.03648,1.33317,0.357316,0.197012,1.68847,2.41107,3.59568,2.54066,0.692524,0.767915,2.37011,2.46067,1.02636,0.43637,0.226626,1.77375
136.719092971,1.86487,0.690925,0.0884569,0.335288,1.06338,2.77966,1.09621,0.0364555,0.173276,1.14794,1.86348,1.10065,0.232872,0.178401,1.44467,4.21355,2.52785,0.4041,0.0674478,0.599753,2.63381,1.66341,0.445598,0.697726,0.948395,2.36799,2.4719,0.855891,0.422728,1.42066,2.90306,2.31506,0.930975,0.437883,0.74837,1.12392,2.09912,2.31922,0.882816,0.791577,1.09106,0.970727,2.96165,2.50101,1.72167,2.19931,1.73846,1.46299,1.6216,0.43718,0.607503,1.63812,1.05769,1.55648,1.73229,1.40967,1.87126,1.84104,2.17045,2.21812,0.878054,1.79041,0.692661,0.766829,2.70344,2.24416,1.74197,0.433264,0.197012,1.64468,2.47108,4.34919,3.31328,1.13899,0.681731,2.30189,2.81693,1.18495,0.704217,0.440506,2.10108
138.205170068,1.97717,0.736051,0.0884569,0.273314,0.918355,2.75654,1.09621,0.0364555,0.17025,0.975174,1.81734,1.11936,0.232872,0.178401,1.47697,4.34001,2.64752,0.4041,0.0674478,0.594359,2.42944,1.55539,0.439315,0.697726,0.943995,2.27231,2.32696,0.833214,0.422728,1.42066,2.90014,2.16413,0.852107,0.432638,0.74837,1.12392,2.01269,2.17311,0.878658,0.791577,1.09106,0.928044,2.67132,2.37981,1.72015,2.19931,1.73837,1.39817,1.54749,0.42579,0.607503,1.63812,1.0422,1.37682,1.68392,1.40967,1.87126,1.84079,2.05008,2.01808,0.852119,1.79116,0.692661,0.741359,2.48342,2.16788,1.74085,0.433264,0.18865,1.53471,2.39501,4.37915,3.32383,1.13899,0.657137,2.07416,2.75171,1.18465,0.704217,0.433662,1.98621
139.691247166,1.9823,0.757389,0.0884569,0.228508,0.903117,2.95919,1.18226,0.0364555,0.148191,0.826299,1.76757,1.15668,0.232872,0.178401,1.35484,4.01759,2.50719,0.4041,0.0674478,0.57724,2.17987,1.4082,0.439315,0.697726,0.939733,2.09682,2.09489,0.816776,0.422728,1.42066,2.89811,2.02976,0.784029,0.432638,0.74837,1.17066,2.26644,2.44584,0.906663,0.791577,1.09115,0.849219,2.27438,2.14146,1.72015,2.19931,1.73837,1.31279,1.42072,0.421526,0.609589,1.65349,1.03949,1.20318,1.63169,1.40967,1.87132,1.84122,1.89008,1.77697,0.772248,1.79794,0.692661,0.694267,2.22077,2.09126,1.74171,0.433264,0.166184,1.29409,2.18737,4.40989,3.34245,1.13899,0.639558,1.94875,2.72068,1.18533,0.704217,0.430709,1.86212
141.177324263,1.97854,0.759385,0.0884569,0.158978,0.821455,3.14264,1.26371,0.0507163,0.0882676,0.663629,1.6297,1.16638,0.236894,0.18147,1.30152,3.83636,2.46081,0.4041,0.0674478,0.52752,2.08494,1.19945,0.439315,0.697726,0.939733,1.93827,1.92696,0.797259,0.422728,1.42066,2.85235,1.81444,0.5851,0.449184,0.880646,1.41939,2.29274,2.3704,0.899644,0.791577,1.09192,0.757084,1.87331,1.94522,1.76723,2.39695,1.81084,1.21685,1.19489,0.408644,0.609589,1.69592,1.06851,1.07645,1.6747,1.48682,1.88201,1.84064,1.77566,1.54319,0.773772,1.81347,0.697368,0.615984,1.91118,1.94525,1.82342,0.520068,0.156197,1.13095,2.03848,4.41875,3.34245,1.13899,0.594295,1.80816,2.66528,1.26338,0.704217,0.430709,1.78896
142.663401361,1.97292,0.779866,0.0895907,0.101954,0.692267,3.31799,1.37146,0.0552261,0.0838631,0.427762,1.50328,1.1653,0.236894,0.18147,1.19505,3.73832,2.58839,0.417861,0.0674478,0.522803,1.81884,1.02653,0.436497,0.700122,0.964787,1.74553,1.64457,0.72741,0.422728,1.42488,2.8833,1.63177,0.463932,0.449571,0.909687,1.51262,2.1533,2.22374,0.883496,0.791577,1.16913,0.644975,1.26259,1.62573,1.76501,2.6112,2.01288,1.1012,1.00852,0.37663,0.613881,1.7005,0.96415,0.761844,1.56995,1.6369,2.20419,1.91001,1.53273,1.22921,0.801046,1.96158,0.711934,0.483979,1.56273,1.84368,1.95935,0.572492,0.143534,0.677725,1.75013,4.64782,3.41382,1.13899,0.497693,1.6848,2.76281,1.28321,0.704217,0.422245,1.5859
144.149478458,1.97378,0.795943,0.129604,0.09091,0.612157,3.35887,1.39195,0.0575434,0.0829718,0.345717,1.51652,1.28524,0.24127,0.181645,1.15095,3.50832,2.48034,0.418317,0.06744,0.517453,1.67886,1.02567,0.441979,0.700193,0.973827,1.7428,1.55992,0.754443,0.426869,1.4258,2.89307,1.50798,0.392861,0.448056,0.915017,1.64222,2.26358,2.09294,0.871953,0.792426,1.17157,0.638715,1.0091,1.50753,1.76526,2.62457,2.07949,1.05833,0.914176,0.385787,0.65682,1.74249,0.967315,0.623298,1.5437,1.63817,2.21944,1.917,1.45227,1.01625,0.881171,2.20821,0.721523,0.463685,1.34199,1.77102,1.95857,0.576757,0.142053,0.595206,1.60597,4.66033,3.41537,1.13952,0.49304,1.52347,2.77985,1.30313,0.710035,0.421986,1.52145
145.635555556,2.11104,0.831842,0.130013,0.0676724,0.549978,3.36064,1.41868,0.0696205,0.0375312,0.251061,1.47915,1.30215,0.24107,0.181258,1.11916,3.4267,2.45896,0.418387,0.0674459,0.574309,1.8482,1.03046,0.443229,0.701672,1.01735,1.69109,1.39113,0.723731,0.427106,1.42578,2.91583,1.45113,0.335403,0.448699,0.926424,1.66241,2.23489,2.05303,0.872229,0.834945,1.19479,0.528129,0.693971,1.3142,1.78539,2.72136,2.26108,1.07635,0.873123,0.385108,0.658378,1.7461,0.907223,0.506962,1.49616,1.64709,2.23333,1.91813,1.42165,0.999213,1.0566,2.32358,0.750519,0.396927,1.18274,1.69928,1.96353,0.581405,0.138622,0.528329,1.54626,4.69106,3.45245,1.14237,0.473401,1.47298,2.75481,1.30313,0.709923,0.422067,1.4964
147.121632653,1.77335,0.817533,0.130013,0.0752051,0.548075,3.4321,1.48869,0.0696205,0.0292196,0.205215,1.46404,1.31621,0.24107,0.159321,1.02437,3.57271,2.64509,0.462144,0.0674459,0.528886,1.727,0.974497,0.443229,0.712876,1.04659,1.66353,1.33644,0.716039,0.427106,1.42813,2.90059,1.40666,0.316916,0.448699,0.926424,1.72754,2.35675,2.03179,0.872229,0.836044,1.2272,0.546015,0.519833,1.2475,1.78913,2.72598,2.30662,1.04453,0.774697,0.369218,0.701539,1.80934,0.881018,0.432447,1.49478,1.7289,2.26904,1.91852,1.32778,0.826661,1.06011,2.35845,0.759425,0.357243,1.03069,1.73733,2.09063,0.635999,0.142678,0.259838,1.33413,4.67408,3.47895,1.14496,0.422491,1.36525,2.71731,1.30672,0.709923,0.422067,1.45084
148.607709751,1.77878,0.758045,0.0545529,0.0685236,0.621302,3.70276,1.62665,0.0658444,0.00196116,0.184895,1.45761,1.23654,0.201615,0.162222,1.0803,3.603,2.60983,0.39071,0.0674459,0.512136,1.72484,1.02417,0.473672,0.683265,1.04659,1.67752,1.33708,0.672366,0.360184,1.37974,2.87944,1.36662,0.280849,0.340189,0.828511,1.98372,2.64852,2.03762,0.815088,0.839211,1.23431,0.5447,0.495791,1.11717,1.67431,2.83417,2.57214,1.08755,0.683522,0.189942,0.632605,1.82596,0.911891,0.434964,1.50822,1.70989,2.05929,1.77766,1.30843,0.774385,1.02925,2.38039,0.759425,0.323495,0.965665,1.67086,2.14094,0.705249,0.14267,0.256245,1.20566,4.39288,3.332,1.14496,0.412927,1.35698,2.79158,1.37268,0.709923,0.419683,1.44293
150.093786848,1.59377,0.711231,0.0545529,0.0685236,0.675454,3.39753,1.62166,0.0658444,0.00196116,0.167472,1.25814,1.05684,0.114953,0.15965,1.0199,3.43167,2.63975,0.39071,0.0703704,0.508853,1.52815,0.855171,0.34378,0.633698,1.06838,1.65856,1.26763,0.349562,0.326915,1.38363,2.49457,1.09754,0.207253,0.307038,0.802829,1.90353,2.39158,1.82538,0.72792,0.854246,1.19542,0.431067,0.447989,1.12091,1.67901,2.51756,2.24816,1.08993,0.692215,0.150831,0.495955,1.68319,0.905326,0.445363,1.5306,1.87706,2.31218,1.83353,1.30843,0.780429,0.919993,2.17546,0.793712,0.334172,0.987666,1.74846,2.22821,0.751736,0.14267,0.296132,0.739826,3.43162,2.99795,1.18099,0.413782,1.52866,2.7548,1.1087,0.705791,0.437089,1.16521
151.579863946,1.44482,0.698085,0.0801577,0.0797875,0.664719,3.13495,1.54899,0.0652602,0.00302174,0.132555,1.26022,1.04232,0.109075,0.148208,0.855669,3.12381,2.4244,0.380212,0.0703704,0.409253,1.42213,0.856788,0.281908,0.424235,0.827738,1.35317,0.974774,0.374479,0.180177,0.972196,2.26364,1.04336,0.173817,0.0925036,0.640601,1.9842,2.41022,1.84477,0.684648,0.34545,0.984983,0.376461,0.377489,0.896463,1.42369,2.54559,2.25555,1.0512,0.687088,0.150482,0.533649,1.78817,0.766795,0.143023,0.995522,1.87145,2.33863,1.78302,1.19878,0.690556,1.003,2.40332,0.678744,0.169914,0.543998,1.72495,2.22439,0.735986,0.0792206,0.179641,0.738267,3.44038,2.999,1.14776,0.189535,1.44435,2.56781,1.09818,0.709631,0.439558,1.14
153.065941043,1.22376,0.677127,0.0822829,0.0656237,0.624485,3.10909,1.58076,0.0749403,0.00212551,0.0908383,0.936646,0.935744,0.0982371,0.0989365,0.806563,2.83305,2.14659,0.332266,0.00591806,0.521477,1.52607,0.88061,0.284873,0.330034,0.751686,1.35466,0.978727,0.375128,0.180216,0.907564,1.88076,0.930769,0.149945,0.0925036,0.60964,1.76553,2.29933,1.6356,0.511209,0.342566,0.939099,0.299326,0.309084,0.66317,1.19635,2.37447,2.11762,0.862184,0.397566,0.0782438,0.434686,1.34991,0.653793,0.143042,0.995522,1.71345,1.99233,1.49866,0.802827,0.47816,1.11734,2.10866,0.706526,0.170212,0.540093,1.45101,1.77493,0.659832,0.0824761,0.179641,0.715744,2.74864,2.25613,0.724518,0.189535,1.32725,2.12331,0.941758,0.454956,0.235011,0.822452
154.552018141,0.967189,0.434685,0.0784415,0.0656237,0.598155,2.84983,1.40329,0.0749403,0.0168616,0.183761,0.777343,0.745058,0.0498599,0.0989365,0.735538,2.63307,2.08231,0.343214,0.00976272,0.556709,1.53326,0.794425,0.125124,0.303323,0.750712,1.31141,0.870493,0.200582,0.180216,0.919777,1.87961,0.889202,0.0841018,0.040664,0.595908,1.6739,2.21519,1.46824,0.409403,0.350048,0.926452,0.248471,0.307205,0.66317,1.19639,2.44484,2.27208,0.816417,0.3952,0.0853222,0.486023,1.32967,0.595913,0.143042,0.994801,1.69551,1.9184,1.36416,0.739694,0.494852,1.28354,2.10703,0.636643,0.1291,0.539341,1.42364,1.72102,0.616642,0.0507304,0.178269,0.674341,2.82768,2.37807,0.738059,0.189447,1.30105,2.08294,0.939838,0.454956,0.234997,0.836629
156.038095238,0.957207,0.292437,0.096283,0.070487,0.670409,3.02932,1.29679,0.0666265,0.0168616,0.183761,0.739491,0.69765,0.0508566,0.06673,0.527725,2.36468,1.76532,0.341851,0.00976272,0.556709,1.47029,0.717844,0.125124,0.188262,0.597473,1.28061,0.868377,0.243656,0.0199398,0.492729,1.5441,0.809077,0.0841018,0.040664,0.478862,1.99141,2.20685,1.10631,0.245114,0.0845921,0.553489,0.217864,0.116985,0.375373,0.911691,2.43416,2.10758,0.490648,0.269044,0.0853222,0.342243,0.825385,0.307686,0.0588866,0.535244,1.47899,1.64719,0.654403,0.41262,0.392867,1.10785,1.71387,0.415307,0.0205911,0.206906,1.11073,1.44437,0.540808,0.0507304,0.0441449,0.482833,2.09369,1.84818,0.738059,0.0134745,0.937165,1.77934,0.75209,0.446517,0.234997,0.768372
157.524172336,0.836445,0.269898,0.0993833,0.0773157,0.687603,3.05383,1.30493,0.0666265,0.0168616,0.179836,0.542684,0.445182,0.054154,0.0416495,0.482864,2.49637,1.77753,0.336746,0.00677504,0.455963,1.31455,0.644416,0.0907163,0.197721,0.517139,1.23702,0.924051,0.242583,0.0199398,0.492729,1.18744,0.536366,0.0836133,0.0529335,0.489684,2.04507,2.12736,1.13713,0.245114,0.0847569,0.546887,0.197205,0.130611,0.38733,0.711023,2.11511,2.13728,0.50417,0.269044,0.0682319,0.312542,0.758859,0.324996,0.072715,0.535244,1.53383,1.84367,0.699281,0.41262,0.34927,1.03974,1.69834,0.430564,0.0287117,0.206906,1.16184,1.72187,0.581864,0.0507304,0.0441449,0.400135,1.47466,1.15781,0.505305,0.0134745,1.01358,2.03335,0.56331,0.279097,0.234997,0.472885
159.010249433,0.542993,0.221318,0.0984448,0.0773157,0.680605,2.66241,1.30843,0.0535559,0.0286781,0.194606,0.421081,0.377717,0.0414438,0.0359794,0.352405,2.03572,1.47015,0.138886,0.0171749,0.410206,1.161,0.631533,0.0906157,0.0466553,0.233755,1.01812,0.786381,0.134521,0.0286269,0.1185,0.598724,0.45478,0.0836772,0.0521746,0.398291,1.90633,2.01618,0.93889,0.25575,0.101006,0.278634,0.139989,0.130684,0.268896,0.348501,1.90341,2.15707,0.514634,0.276881,0.082348,0.311565,0.708484,0.323198,0.0721047,0.261967,1.21509,1.83306,0.619491,0.417935,0.277175,0.962177,1.50646,0.330678,0.0257135,0.071148,0.97673,1.70865,0.581203,0.0235669,0.0486079,0.358833,1.46641,1.15844,0.505816,0.0113708,0.879691,2.03125,0.604405,0.279097,0.235473,0.452268
160.496326531,0.468136,0.191715,0.128042,0.0897306,0.688406,2.59139,1.2953,0.0823591,0.0286781,0.194703,0.38329,0.346141,0.0714105,0.0484144,0.359975,1.91784,1.34462,0.117119,0.0171749,0.407623,1.09877,0.571283,0.116121,0.058622,0.236328,1.0833,0.901817,0.167982,0.0286269,0.0570545,0.244458,0.238426,0.0773649,0.0564296,0.394017,1.86558,1.98245,0.782688,0.113002,0.101053,0.268923,0.107476,0.0578768,0.0255972,0.118637,1.71758,2.13986,0.347871,0.0350281,0.065671,0.226532,0.347394,0.233676,0.0721047,0.264856,1.15648,1.73951,0.335183,0.011676,0.0762576,0.910587,1.09068,0.245325,0.0257135,0.0663134,0.804039,1.623,0.543441,0.0235669,0.0486079,0.277736,0.712791,0.385825,0.0593461,0.0126373,0.832204,1.91713,0.481514,0.0116837,0.0215934,0.123196
161.982403628,0.343871,0.146877,0.128042,0.0925214,0.716576,2.67878,1.3172,0.0877511,0.0458035,0.201529,0.343231,0.3258,0.0714939,0.0500301,0.255013,1.63339,1.18411,0.122308,0.0299341,0.424745,1.09843,0.57162,0.116121,0.05894,0.2657,1.13386,0.914641,0.16989,0.0414697,0.0844575,0.246847,0.238768,0.0773845,0.0564296,0.412828,1.89353,1.99725,0.783657,0.126659,0.133118,0.272075,0.107719,0.0678526,0.0330368,0.128984,1.7251,2.14932,0.348992,0.0448529,0.0883274,0.227092,0.351529,0.252784,0.0809692,0.271945,1.16003,1.73969,0.342945,0.0224121,0.0968741,0.911214,1.09302,0.254392,0.0314586,0.0678823,0.814187,1.62976,0.550661,0.0282902,0.0587341,0.245588,0.67699,0.377458,0.0618715,0.0162699,0.836988,1.93903,0.498125,0.0158991,0.0221155,0.123623
163.468480726,0.328285,0.126533,0.129463,0.0929527,0.612152,2.64325,1.30692,0.0916781,0.0458035,0.200804,0.309765,0.288486,0.0714939,0.0500301,0.271986,1.84545,1.27343,0.12709,0.0299341,0.419252,1.08968,0.568653,0.116121,0.05894,0.272136,1.32074,1.032,0.179655,0.0414697,0.0844575,0.246847,0.238627,0.0773845,0.0564296,0.430731,2.04041,1.75963,0.319248,0.0543031,0.133118,0.271976,0.105155,0.0524665,0.0303656,0.132106,1.85233,2.30594,0.353991,0.0448529,0.0883274,0.225006,0.336154,0.236085,0.078464,0.27874,1.28178,1.93495,0.360529,0.0223383,0.0968741,0.906392,1.08625,0.254392,0.0314586,0.0707253,0.880236,1.84185,0.575337,0.028526,0.0587341,0.230949,0.643142,0.358835,0.0618715,0.0180256,0.89038,2.16452,0.519613,0.0158991,0.0221155,0.108148
164.954557823,0.322228,0.125159,0.131357,0.0767155,0.537442,2.65094,1.33605,0.0774173,0.0455942,0.198593,0.30613,0.280602,0.0712297,0.0482889,0.263607,1.81375,1.32974,0.135502,0.0299341,0.382303,0.870824,0.533309,0.120371,0.0624735,0.294565,1.40321,1.05663,0.181817,0.0414697,0.0844575,0.239083,0.225861,0.0808531,0.0427474,0.322084,1.87287,1.72502,0.277251,0.0543031,0.133118,0.271211,0.0984046,0.0551446,0.0307831,0.0831335,1.7282,2.31189,0.315745,0.0448529,0.0883274,0.225006,0.294796,0.154562,0.0622695,0.149925,1.27411,2.0433,0.420463,0.0223383,0.0940048,0.88446,1.07162,0.252355,0.0324053,0.0707253,0.928478,1.92627,0.534197,0.028526,0.0587341,0.230058,0.6321,0.358835,0.0618715,0.0176555,0.963066,2.26901,0.510188,0.0158991,0.0221155,0.101388
166.440634921,0.315372,0.104784,0.130253,0.0768143,0.533364,2.45314,1.2564,0.0803073,0.0458385,0.213928,0.311351,0.280068,0.0712297,0.0485314,0.261655,1.70372,1.18912,0.136797,0.0332089,0.387243,0.87276,0.521821,0.11969,0.0604349,0.286266,1.34447,1.00557,0.179055,0.0466761,0.0861451,0.212875,0.209574,0.0765176,0.0401094,0.305742,1.79193,1.73403,0.296782,0.0628077,0.139558,0.199064,0.0814912,0.0539426,0.0307831,0.0905469,1.54341,2.15583,0.325032,0.0465711,0.064787,0.22724,0.294172,0.154125,0.0607335,0.14512,1.17038,1.80955,0.398782,0.026167,0.0980829,0.80735,0.930223,0.237789,0.0300994,0.0451492,0.927891,1.93081,0.529966,0.0304653,0.0607748,0.159089,0.341111,0.288198,0.0620196,0.016408,0.839465,2.13947,0.575955,0.0158991,0.022518,0.0921643
167.926712018,0.31608,0.101253,0.0924324,0.0734842,0.533092,2.4285,1.26636,0.0960689,0.0472367,0.210284,0.238216,0.17118,0.0673527,0.048967,0.267668,1.73189,1.22263,0.145247,0.0338279,0.389072,0.856053,0.417566,0.11475,0.0608101,0.283313,1.35019,1.02985,0.155042,0.0425146,0.105862,0.223352,0.203268,0.0788305,0.0421182,0.302159,1.67319,1.59906,0.289858,0.0593815,0.145776,0.20846,0.0808029,0.0655224,0.0358127,0.0915636,1.54011,2.10383,0.327802,0.0509545,0.0596034,0.188026,0.256984,0.149029,0.0618702,0.146237,1.18001,1.81785,0.409827,0.0286069,0.0977932,0.697783,0.684734,0.232991,0.0346232,0.0460072,0.932362,1.94896,0.541268,0.0330739,0.0633241,0.16516,0.339306,0.293177,0.0623062,0.0164794,0.84403,2.14198,0.570972,0.0111926,0.0228287,0.0872654
169.412789116,0.191298,0.0682801,0.0927838,0.072083,0.529267,2.42465,1.2442,0.0849067,0.0554167,0.219466,0.241232,0.163795,0.0680234,0.0492899,0.274053,1.74346,1.23186,0.147766,0.0362484,0.313242,0.541089,0.292433,0.113552,0.0606131,0.246307,1.27023,1.00978,0.157306,0.0530462,0.136506,0.199082,0.195222,0.0801315,0.042058,0.306625,1.67662,1.59921,0.289651,0.0596303,0.122834,0.235935,0.0893489,0.0654744,0.0380521,0.0841802,1.47238,1.94339,0.294614,0.0519414,0.0711415,0.194304,0.268147,0.150651,0.0650206,0.159338,1.2006,1.83037,0.418675,0.0331889,0.0724551,0.525483,0.575222,0.210336,0.0386088,0.0467319,0.941829,1.96392,0.544568,0.0377816,0.0676044,0.165618,0.317801,0.256067,0.0635876,0.020194,0.84652,2.14834,0.582066,0.0148693,0.0244134,0.0894543
170.898866213,0.139354,0.0520763,0.0927838,0.0531797,0.443118,2.25839,1.17419,0.0849067,0.0554167,0.206249,0.192752,0.149487,0.0680234,0.0473836,0.246797,1.44404,1.00954,0.104009,0.0362484,0.299283,0.528651,0.291085,0.113555,0.0494116,0.217099,1.24418,1.00038,0.157191,0.0530569,0.134162,0.19295,0.18347,0.0771116,0.0420604,0.306661,1.60061,1.41429,0.213002,0.059663,0.121849,0.20355,0.0452849,0.0533779,0.0371875,0.0804843,1.46778,1.89785,0.251027,0.0426122,0.0690636,0.151208,0.204927,0.134919,0.0656911,0.128563,1.12399,1.79656,0.420921,0.0355059,0.0722155,0.521962,0.550826,0.20171,0.0393496,0.0457038,0.812375,1.86297,0.494895,0.0239255,0.0666675,0.170653,0.344365,0.246399,0.0645084,0.0271607,0.870507,2.14057,0.588687,0.0176775,0.0244134,0.103078
172.384943311,0.129841,0.0492219,0.0927838,0.0497493,0.341719,1.98758,1.03285,0.0848138,0.0545612,0.205081,0.192752,0.147566,0.0658575,0.0417282,0.190861,1.29184,0.898804,0.100824,0.0362484,0.293291,0.492373,0.205353,0.0515267,0.0494116,0.217099,1.2302,0.981843,0.154413,0.0530569,0.133555,0.177386,0.174385,0.0715485,0.040305,0.221158,1.27857,1.12156,0.173299,0.059663,0.118281,0.19644,0.0405072,0.0533779,0.0371875,0.0718228,1.31742,1.6321,0.208004,0.0426122,0.0690636,0.151208,0.188299,0.0967595,0.043805,0.0776519,0.980071,1.69726,0.415632,0.0355059,0.071935,0.50674,0.528646,0.20171,0.0393496,0.0457038,0.754609,1.73635,0.424491,0.0239255,0.0666675,0.160062,0.329155,0.245821,0.0645084,0.0231576,0.848371,2.05844,0.522727,0.0176775,0.0244134,0.0984506
173.871020408,0.109044,0.0460565,0.0927838,0.0497493,0.28037,1.77788,0.862867,0.0848138,0.0545612,0.204772,0.18363,0.143849,0.0649814,0.0336485,0.173007,1.17159,0.811318,0.100824,0.0333239,0.29041,0.480384,0.187875,0.0511618,0.02985,0.187178,1.17089,0.93078,0.154413,0.051493,0.129668,0.174139,0.165643,0.0679831,0.027978,0.189418,1.23679,1.11694,0.170924,0.0565012,0.101345,0.18049,0.037853,0.0533779,0.0334517,0.0669923,1.14494,1.50445,0.197401,0.0339191,0.064492,0.14824,0.181357,0.0950493,0.0334058,0.055268,0.762795,1.3971,0.344433,0.0355059,0.0658908,0.501568,0.490008,0.15318,0.0286722,0.0237026,0.674223,1.60813,0.367466,0.0239255,0.0267801,0.101545,0.272037,0.172049,0.0284736,0.0214438,0.662704,1.81257,0.479924,0.0176775,0.00700699,0.0622795
175.357097506,0.0993222,0.0357562,0.0589698,0.0304899,0.277826,1.76222,0.850624,0.0839188,0.0535006,0.204772,0.131841,0.0572256,0.0521818,0.0220842,0.173007,1.1633,0.801361,0.10078,0.0333239,0.29041,0.424471,0.178461,0.0504395,0.0297581,0.187178,1.11715,0.902286,0.128274,0.0377805,0.126604,0.166365,0.159995,0.060455,0.0275965,0.189335,1.06145,1.04629,0.151541,0.038516,0.100612,0.17537,0.0310098,0.0524075,0.0327413,0.0669923,1.08744,1.45424,0.191606,0.0305618,0.0644708,0.110546,0.0695922,0.0615179,0.0325652,0.0552103,0.753647,1.36941,0.338574,0.035385,0.0647748,0.410959,0.257119,0.151631,0.0255108,0.023477,0.672302,1.60603,0.364516,0.0234798,0.0257368,0.0961487,0.261659,0.170715,0.0267997,0.0214438,0.628788,1.73163,0.450121,0.0127075,0.00453868,0.0594842
176.843174603,0.0967657,0.0256266,0.0568447,0.0304899,0.277711,1.42353,0.688065,0.0742387,0.0535006,0.204772,0.111833,0.0352343,0.0513579,0.0220842,0.173,1.16307,0.79879,0.10078,0.0333239,0.107193,0.148742,0.0395679,0.044824,0.0297581,0.17046,1.08153,0.89041,0.127625,0.0377411,0.126604,0.16543,0.0370979,0.0467105,0.0275965,0.188262,1.02895,0.947681,0.151541,0.038516,0.100612,0.169052,0.0268232,0.05054,0.0327413,0.0669923,0.922398,1.29323,0.189477,0.0305618,0.0644708,0.104884,0.0614422,0.0608265,0.0325458,0.0552103,0.75361,1.36459,0.328358,0.035385,0.0647748,0.232065,0.133582,0.0394773,0.0252123,0.023477,0.65601,1.59655,0.363248,0.0202244,0.0257368,0.0421182,0.204083,0.167889,0.0267997,0.0214438,0.622812,1.69914,0.450059,0.0127075,0.00453868,0.0478485
178.329251701,0.0425314,0.0256266,0.0568447,0.0304899,0.244663,1.33983,0.641363,0.0742387,0.0387644,0.0650387,0.0426231,0.031217,0.0513579,0.0220842,0.171847,1.06485,0.698436,0.0880713,0.0294792,0.0561597,0.0454699,0.0215774,0.044824,0.0297581,0.165835,0.998638,0.817399,0.127625,0.0377411,0.102234,0.0556299,0.0211416,0.0467105,0.0275965,0.188262,0.963242,0.878018,0.141956,0.0379999,0.0837755,0.0780951,0.0235412,0.05054,0.0327413,0.0669519,0.788806,1.07496,0.133017,0.0305618,0.0567328,0.0246681,0.0309792,0.0481394,0.0325458,0.0552103,0.753004,1.3641,0.328294,0.035385,0.0466323,0.0413773,0.0335678,0.0394773,0.0252123,0.023477,0.648766,1.56628,0.361071,0.0202244,0.0257368,0.0352815,0.0686592,0.0320392,0.0132584,0.0214438,0.622812,1.69914,0.450059,0.0127075,0.00444678,0.0273954
179.815328798,0.0425314,0.0205488,0.0390032,0.0256266,0.172409,1.00877,0.574246,0.0687636,0.0387644,0.0650387,0.0426231,0.0283202,0.0503612,0.0220842,0.138936,0.771115,0.538724,0.0767719,0.0294792,0.0561597,0.0454699,0.0215774,0.044824,0.0297581,0.120821,0.686588,0.606918,0.084551,0.0377411,0.102234,0.0556299,0.0211416,0.0467105,0.0275965,0.114744,0.600783,0.665364,0.139531,0.0379999,0.0837755,0.0780951,0.0235412,0.05054,0.0327413,0.0396009,0.513419,0.831331,0.127769,0.0305618,0.0567328,0.0246681,0.0309792,0.0481394,0.0325458,0.0446504,0.507019,1.05252,0.286932,0.035385,0.0466323,0.0413773,0.0335678,0.0394773,0.0252123,0.00847627,0.435603,1.31604,0.289875,0.0202244,0.0257368,0.0352815,0.0686592,0.0320392,0.0132584,0.0176818,0.485257,1.37293,0.396858,0.0122457,0.00444678,0.0273954
181.301405896,0.0424262,0.0205488,0.0359029,0.0187979,0.135094,0.751208,0.424722,0.0687636,0.0387644,0.0649944,0.0421953,0.0257772,0.0350654,0.0165551,0.1183,0.601995,0.430852,0.0734737,0.0294792,0.0561539,0.045157,0.0140961,0.0332837,0.0180685,0.0967515,0.563095,0.508635,0.0832954,0.0377411,0.102234,0.0552804,0.0197108,0.029401,0.015327,0.100769,0.511805,0.541126,0.108716,0.0379999,0.0836108,0.0776856,0.023362,0.0369141,0.0207842,0.0396009,0.441646,0.674221,0.114248,0.0305618,0.0567328,0.0245152,0.0291305,0.0286994,0.0187174,0.0446504,0.451906,0.847489,0.242054,0.035385,0.0466323,0.0413773,0.0284903,0.0233938,0.0170916,0.00847627,0.384488,1.03854,0.248819,0.0202244,0.0257368,0.0352815,0.0686592,0.0273283,0.0116374,0.0176818,0.408843,1.07299,0.324583,0.0122457,0.00444678,0.0273954
182.787482993,0.0419869,0.0202816,0.0359029,0.0187979,0.12645,0.685394,0.340969,0.0645158,0.026948,0.050224,0.0401842,0.0254381,0.0350291,0.0165551,0.113757,0.532181,0.331324,0.0668908,0.0190793,0.0436795,0.0421129,0.0137664,0.0332837,0.0180685,0.0910285,0.482967,0.393407,0.0780715,0.0290539,0.0846056,0.0459289,0.0193829,0.0293372,0.015327,0.0982357,0.436821,0.416671,0.0990003,0.0273641,0.0654129,0.0713743,0.0231603,0.0368405,0.0207842,0.0365742,0.373487,0.555183,0.0988468,0.0227132,0.0426167,0.0192241,0.0287953,0.0284291,0.0187174,0.0428929,0.387285,0.719755,0.20103,0.0276509,0.0347223,0.0361103,0.0282838,0.0232909,0.0170733,0.00842306,0.328409,0.914326,0.192447,0.0166363,0.0208517,0.0331484,0.0681799,0.0264729,0.0111272,0.0176627,0.353431,0.946484,0.26517,0.0122457,0.00382926,0.0270905