TIME,30.0463,30.3998,30.7617,31.1323,31.512,31.901,32.2998,32.7087,33.128,33.5582,33.9998,34.4531,34.9187,35.397,35.8887,36.3941,36.9141,37.449,37.9998,38.5669,39.1513,39.7536,40.3748,41.0156,41.6772,42.3604,43.0664,43.7963,44.5515,45.3331,46.1426,46.9815,47.8516,48.7544,49.692,50.6664,51.6797,52.7344,53.833,54.9784,56.1736,57.4219,58.7269,60.0927,61.5234,63.024,64.5996,66.256,67.9996,69.8374,71.7773,73.8281,75.9995,78.3026,80.7495,83.3543,86.1328,89.1029,92.2852,95.7031,99.384,103.359,107.666,112.347,117.454,123.047,129.199,135.999,143.555,151.999,161.499,172.266,184.57,198.768,215.332,234.908,258.398,287.109,322.998,369.141,430.664
0.000000000,0.541931,0.285725,0.0560692,0.00961847,0.0335341,0.27171,0.534112,0.283475,0.0871931,0.0702618,0.0323824,0.34758,1.06506,0.75646,0.160485,0.092317,0.138042,0.40257,0.534039,0.278073,0.0560274,0.010328,0.0364976,0.174675,0.390889,0.451601,0.223827,0.137133,0.101212,0.101627,0.17813,0.305714,0.133107,0.0235991,0.0871428,0.369566,0.735629,1.00872,0.589323,0.263762,0.0571182,0.0576675,0.372984,0.51737,0.214099,0.0528692,0.0268508,0.139803,0.206163,0.356824,0.354877,0.118825,0.0067303,0.0298656,0.147245,0.416208,0.372722,0.0927947,0.0593297,0.0763188,0.427549,1.07438,1.03268,0.446243,0.0815679,0.0778677,0.0916533,0.398865,0.456786,0.115334,0.00266834,0.000411021,0.107033,0.43185,0.501659,0.214648,0.121396,0.103398,0.0599176,0.143351,0.272618
1.486077098,0.667996,0.404303,0.0579124,0.00961847,0.0799287,0.304853,0.598498,0.308434,0.192663,0.113827,0.0323824,0.356483,1.18499,0.956836,0.207178,0.092317,0.138042,0.447063,0.554256,0.33993,0.161894,0.0495978,0.0370687,0.183677,0.410411,0.473596,0.272808,0.153394,0.103633,0.101711,0.22371,0.377302,0.161309,0.0242665,0.0871428,0.398418,0.748402,1.10821,0.70353,0.296221,0.0571182,0.0576675,0.434863,0.567689,0.252899,0.0589123,0.0268508,0.140156,0.220883,0.389691,0.380786,0.132419,0.0380335,0.0345027,0.160322,0.455323,0.444143,0.171621,0.0593297,0.0763188,0.465808,1.14309,1.08315,0.460336,0.109788,0.0795184,0.124426,0.437104,0.519554,0.153128,0.0067689,0.000411021,0.120699,0.484104,0.577849,0.246221,0.121396,0.103398,0.0909252,0.209619,0.321166
2.972154195,0.718493,0.413735,0.0634389,0.00961847,0.096119,0.468724,0.822189,0.321271,0.193959,0.113827,0.0410139,0.432632,1.35696,1.10043,0.207178,0.092317,0.138042,0.458203,0.643677,0.457824,0.164112,0.0495978,0.0771971,0.282533,0.44781,0.490701,0.288193,0.153394,0.124321,0.195364,0.407774,0.459303,0.162793,0.0242665,0.0871428,0.442971,0.954314,1.42086,0.708207,0.296221,0.0571182,0.0576675,0.45923,0.675532,0.34693,0.0589123,0.0268508,0.202182,0.465129,0.479671,0.39383,0.14026,0.0380335,0.0352989,0.203101,0.602368,0.493932,0.17346,0.0593297,0.0763188,0.533249,1.38204,1.24644,0.470223,0.109788,0.0802798,0.13245,0.483057,0.662912,0.178876,0.0067689,0.00363887,0.12793,0.598779,0.634961,0.261517,0.125613,0.103398,0.129093,0.300087,0.341368
4.458231293,0.938272,0.552465,0.130864,0.00961847,0.096119,0.518459,0.985925,0.397431,0.193959,0.113827,0.0410139,0.548521,1.62123,1.29385,0.213033,0.092317,0.138042,0.503286,0.933797,0.729652,0.18697,0.0495978,0.0771971,0.30295,0.585106,0.643434,0.415619,0.153394,0.124321,0.310268,0.739314,0.626009,0.166964,0.0242665,0.0871428,0.442971,1.09837,1.72179,0.844721,0.296221,0.0571182,0.0579442,0.545535,0.843565,0.555367,0.0928422,0.0268508,0.202182,0.48066,0.550672,0.518923,0.205678,0.0380335,0.0352989,0.287312,0.790608,0.55081,0.17346,0.0593297,0.0763188,0.606633,1.66202,1.43618,0.489522,0.109788,0.0802798,0.149942,0.580802,0.817706,0.242647,0.0067689,0.00363887,0.222148,0.722399,0.815876,0.461118,0.125613,0.103398,0.177632,0.445574,0.445746
5.944308390,1.2308,0.571268,0.137293,0.00961847,0.130656,0.679851,1.32206,0.4497,0.195278,0.113827,0.0410139,0.790708,1.91101,1.3906,0.246815,0.092317,0.138042,0.553149,1.39333,0.866903,0.211702,0.0495978,0.0807659,0.407221,0.744981,0.778935,0.454032,0.153394,0.124321,0.442181,1.22367,0.836796,0.214856,0.0244586,0.0871428,0.442971,1.46016,2.24428,1.0142,0.296221,0.0571182,0.1115,0.665154,1.1252,0.836453,0.171605,0.0268508,0.202182,0.65729,0.769967,0.609699,0.219602,0.0380335,0.0558908,0.325546,1.02317,0.736843,0.176285,0.0593297,0.0763188,0.754281,1.90747,1.60435,0.562695,0.109788,0.0802798,0.152671,0.820805,1.10829,0.28363,0.0067689,0.00363887,0.305748,0.863571,1.07538,0.541911,0.125613,0.103398,0.254691,0.811877,0.725214
7.430385488,1.25796,0.660188,0.156948,0.00961847,0.130656,0.68908,1.39461,0.557728,0.208813,0.113827,0.0410139,0.815932,2.05015,1.54452,0.282827,0.092317,0.138042,0.55993,1.47053,1.00346,0.269045,0.0552792,0.0915934,0.464218,0.839761,0.971205,0.522598,0.154279,0.124321,0.473491,1.3658,1.03931,0.302238,0.0390588,0.0871428,0.442971,1.57137,2.58413,1.17009,0.296221,0.0571182,0.124303,0.707039,1.38047,1.14081,0.20767,0.0268508,0.232353,0.767017,0.904214,0.75747,0.263683,0.0389881,0.0618464,0.406557,1.28996,0.976272,0.18354,0.0593297,0.0763188,0.822789,2.10014,1.74021,0.599952,0.109788,0.0802798,0.176423,0.992796,1.33829,0.304022,0.015968,0.00520788,0.321767,0.910187,1.27967,0.594549,0.125613,0.103398,0.314362,0.969571,0.857484
8.916462585,1.3264,0.685439,0.172499,0.0162655,0.135024,0.712035,1.44657,0.581629,0.212112,0.11403,0.0410139,0.818042,2.06178,1.57337,0.300705,0.0955516,0.138042,0.559996,1.47062,1.00365,0.269704,0.0557106,0.0923002,0.471434,0.863904,1.00184,0.529403,0.154279,0.124333,0.47359,1.36592,1.04092,0.304175,0.0395293,0.0872502,0.4435,1.57139,2.66926,1.2048,0.297325,0.0574761,0.124715,0.7072,1.38537,1.15104,0.210969,0.0268508,0.232353,0.803767,1.01499,0.815079,0.280664,0.0389881,0.0618567,0.408682,1.35194,1.14484,0.190549,0.0593297,0.0764159,0.854868,2.22613,1.97889,0.650302,0.109788,0.0802798,0.179277,1.12824,1.50914,0.397264,0.0195275,0.0115766,0.36287,1.07112,1.50761,0.747115,0.148861,0.103398,0.347129,1.13324,1.053
10.402539683,1.32764,0.6874,0.173351,0.0166935,0.136969,0.714565,1.44753,0.581746,0.21219,0.114256,0.0411698,0.818042,2.06179,1.57339,0.300705,0.0956781,0.140276,0.568415,1.47464,1.0042,0.269704,0.055749,0.0924099,0.471532,0.864017,1.00193,0.529484,0.154336,0.124418,0.47367,1.36595,1.04092,0.304183,0.0400145,0.0906235,0.449282,1.5741,2.67003,1.20525,0.297523,0.0575133,0.124715,0.7072,1.38537,1.15104,0.210969,0.0270851,0.233948,0.806395,1.01608,0.815307,0.28085,0.0390245,0.0618567,0.408682,1.35194,1.14485,0.190568,0.0593755,0.0773495,0.860301,2.23727,1.9906,0.662769,0.118866,0.0840353,0.180073,1.12831,1.50914,0.397264,0.0195275,0.0115766,0.36287,1.07112,1.50761,0.747115,0.148868,0.103404,0.347129,1.13324,1.053
11.888616780,1.32872,0.690103,0.173864,0.0166935,0.136969,0.714565,1.44753,0.582923,0.220157,0.123912,0.0453993,0.819363,2.06348,1.57405,0.301588,0.0991127,0.146255,0.572957,1.48023,1.00774,0.269981,0.0559561,0.0929331,0.47235,0.865162,1.00326,0.545305,0.164781,0.126251,0.474815,1.3669,1.04264,0.305044,0.0400273,0.0906235,0.449282,1.5741,2.67015,1.2068,0.300336,0.0611242,0.127416,0.710584,1.38693,1.15414,0.212713,0.0271367,0.233994,0.806429,1.01615,0.815519,0.281054,0.0394429,0.0620678,0.408764,1.35335,1.14833,0.192868,0.0618469,0.0795703,0.862294,2.23807,1.99615,0.663309,0.118872,0.0840353,0.180082,1.12845,1.51128,0.398817,0.0211468,0.012826,0.364196,1.07328,1.5089,0.747193,0.148882,0.103404,0.347132,1.13329,1.05301
13.374693878,1.15069,0.565283,0.142847,0.0167541,0.137113,0.714738,1.44084,0.559323,0.211533,0.123912,0.0458348,0.668333,1.55631,1.19337,0.218518,0.0991127,0.146471,0.573482,1.48447,1.01061,0.270234,0.0559561,0.0929331,0.435666,0.79273,0.902409,0.410513,0.0737121,0.112207,0.478245,1.38342,1.06349,0.306474,0.0400273,0.0906235,0.462954,1.45985,2.31271,0.814381,0.0685739,0.0269166,0.127476,0.713648,1.39327,1.15736,0.213496,0.0271367,0.235679,0.792563,0.920949,0.667429,0.198595,0.0333043,0.067183,0.41796,1.3536,1.15729,0.197075,0.0618909,0.0821074,0.871647,1.97314,1.42349,0.272128,0.0747321,0.0840353,0.182873,1.13384,1.51232,0.399145,0.0211468,0.0128296,0.344459,0.949562,1.31592,0.640327,0.114202,0.0975121,0.351015,1.13866,1.05649
14.860770975,1.05742,0.55672,0.142847,0.0159431,0.134839,0.70594,1.41815,0.552598,0.211533,0.123912,0.0458348,0.60029,1.36375,1.08426,0.219276,0.0919739,0.088613,0.3799,1.3486,0.965133,0.27057,0.0516356,0.0609061,0.369627,0.654891,0.768244,0.398269,0.075084,0.112538,0.483301,1.3945,1.06619,0.295324,0.0407057,0.0468239,0.202581,1.18451,2.10985,0.756494,0.0685896,0.0269179,0.123479,0.629008,1.20688,1.08453,0.217227,0.0166079,0.160176,0.714899,0.896677,0.674784,0.200725,0.0333763,0.0673204,0.418248,1.33848,1.11605,0.185411,0.0618914,0.0425679,0.531977,1.52846,1.28306,0.276503,0.0747321,0.0840353,0.174639,1.03384,1.3265,0.341616,0.0211468,0.0128296,0.306456,0.838372,1.21981,0.61925,0.114202,0.0975121,0.351015,1.14186,1.06886
16.346848073,1.00465,0.535283,0.145553,0.0156785,0.121033,0.60759,1.24429,0.501374,0.201278,0.107587,0.0482711,0.595309,1.35842,1.09501,0.213762,0.0210715,0.0219582,0.386168,1.29299,0.892077,0.2459,0.0476096,0.0703008,0.383887,0.651105,0.76986,0.399867,0.0403327,0.032524,0.441074,1.37698,1.04547,0.292906,0.0383839,0.0411136,0.189476,1.12884,2.05342,0.760319,0.0691454,0.0269179,0.104062,0.552419,1.13259,1.07724,0.215807,0.0166341,0.160361,0.692253,0.831929,0.627067,0.194437,0.0333763,0.0669627,0.376513,1.21182,1.06161,0.176722,0.0579033,0.0436452,0.531189,1.51215,1.24669,0.274675,0.0727809,0.0797216,0.166219,1.01068,1.32008,0.341571,0.0210272,0.0149318,0.295283,0.781199,1.15085,0.609523,0.11345,0.0942732,0.346562,1.12225,1.04258
17.832925170,0.983177,0.538266,0.13889,0.01066,0.123413,0.604053,1.2415,0.499843,0.151484,0.0585836,0.0436661,0.606968,1.33154,1.06034,0.185323,0.0148348,0.0368861,0.375542,1.23398,0.866659,0.250819,0.0476096,0.0691679,0.361164,0.626691,0.766254,0.398726,0.0392219,0.0305339,0.441246,1.35888,1.03189,0.28657,0.0211734,0.00608809,0.17222,1.11091,2.00485,0.734464,0.059076,0.0129716,0.107011,0.545452,1.10451,1.0228,0.179882,0.00649455,0.155883,0.691379,0.829301,0.624874,0.195138,0.0335168,0.0519608,0.345958,1.14078,1.00167,0.136308,0.00323839,0.022008,0.53292,1.49886,1.28885,0.32907,0.0547973,0.00856071,0.125791,0.958715,1.26268,0.357904,0.0436727,0.0214847,0.303005,0.782428,1.14754,0.610446,0.0488103,0.0102849,0.328325,1.15872,1.06245
19.319002268,0.968316,0.507304,0.129208,0.0105148,0.153386,0.611268,1.16713,0.423161,0.143313,0.0581622,0.0368113,0.57972,1.27668,1.02229,0.176291,0.0148348,0.0313913,0.345238,1.19622,0.842094,0.238674,0.0476096,0.0692953,0.354762,0.614211,0.744491,0.371491,0.0351338,0.0291002,0.433634,1.33736,0.993301,0.248151,0.0203366,0.00608809,0.165692,1.04291,1.91236,0.709876,0.063008,0.016031,0.102008,0.513412,1.05111,1.0114,0.181268,0.00618134,0.15495,0.691483,0.817814,0.599565,0.186519,0.0335168,0.0536718,0.345473,1.11923,0.969768,0.13573,0.00293065,0.0177277,0.512021,1.45561,1.22405,0.315458,0.0551979,0.00692916,0.120295,0.947981,1.25236,0.365175,0.0441432,0.0214446,0.289208,0.767423,1.14158,0.601084,0.0400398,0.0056333,0.326909,1.15786,1.05256
20.805079365,0.896963,0.483864,0.130334,0.0110714,0.142578,0.563683,1.04217,0.395047,0.145807,0.0586472,0.0268424,0.532196,1.13777,0.968079,0.186569,0.0178629,0.0313977,0.30964,1.12384,0.801681,0.237635,0.0476096,0.0692619,0.352588,0.570472,0.666772,0.36112,0.0407171,0.0298184,0.430377,1.28968,0.866171,0.227611,0.0203366,0.00608809,0.163653,1.01654,1.83081,0.686526,0.0640243,0.0159612,0.101421,0.479708,1.01408,0.989255,0.177549,0.00633385,0.153132,0.66796,0.77393,0.540471,0.184331,0.0335168,0.0536771,0.333357,1.05122,0.878537,0.125495,0.00293065,0.0175594,0.496838,1.35714,1.16153,0.299715,0.0551979,0.00673236,0.110792,0.851256,1.18249,0.34808,0.0434679,0.0210737,0.285337,0.720858,1.08222,0.56512,0.0380828,0.0056333,0.317414,1.1173,0.939706
22.291156463,0.855112,0.46141,0.129937,0.0141989,0.149767,0.635619,1.11149,0.344788,0.139633,0.0796647,0.101475,0.591615,1.12146,0.90567,0.178485,0.0214403,0.0445631,0.313802,1.0706,0.771427,0.228154,0.0471225,0.067985,0.355493,0.55378,0.635158,0.34967,0.0428024,0.0439705,0.474539,1.36928,0.872175,0.1844,0.0187691,0.0159761,0.167556,0.982109,1.77904,0.655084,0.053494,0.0211267,0.097733,0.416705,0.997693,1.04804,0.175708,0.00634607,0.158218,0.670421,0.747904,0.527184,0.183802,0.0333896,0.051508,0.319745,0.994951,0.854571,0.129314,0.0029936,0.0208748,0.47417,1.215,1.06918,0.372198,0.0915256,0.0299552,0.166616,0.812392,1.09305,0.332769,0.0450184,0.0210737,0.274835,0.695913,1.05394,0.561333,0.0455787,0.0098527,0.306397,1.05904,0.864335
23.777233560,0.845207,0.446118,0.124841,0.014205,0.149888,0.585604,1.07136,0.335131,0.14001,0.0796647,0.100945,0.570701,1.05996,0.862558,0.170388,0.0229661,0.0447423,0.224076,0.991141,0.755821,0.223733,0.0477104,0.0674035,0.341393,0.554789,0.611718,0.346338,0.0422448,0.0439705,0.450061,1.34203,0.852351,0.19108,0.0199263,0.0159761,0.128922,0.959734,1.80226,0.652299,0.0527146,0.0224991,0.0861993,0.364262,1.00709,1.052,0.170576,0.00658234,0.112226,0.650345,0.729614,0.522283,0.187756,0.0333363,0.0468998,0.318589,1.00175,0.823947,0.126952,0.00325845,0.0160601,0.469591,1.31803,1.14436,0.375465,0.0917419,0.0299552,0.165433,0.81362,1.12236,0.330307,0.0436734,0.0210737,0.272228,0.681901,1.03825,0.54804,0.0453775,0.00983457,0.305781,1.06862,0.86974
25.263310658,0.720884,0.327606,0.122998,0.014205,0.103494,0.554513,1.01717,0.311834,0.0345485,0.0364367,0.104312,0.576837,0.989192,0.673159,0.123883,0.0229675,0.0451185,0.187559,1.00432,0.724769,0.119246,0.00846139,0.0668575,0.338371,0.543846,0.602651,0.300162,0.0260534,0.0418978,0.454439,1.31355,0.781718,0.162909,0.019259,0.0159761,0.10007,0.949839,1.70812,0.53858,0.020256,0.0224991,0.0879316,0.304674,0.961775,1.01489,0.164539,0.00658234,0.112012,0.642105,0.734217,0.504388,0.174329,0.00203313,0.0424237,0.308452,0.970958,0.760713,0.0490175,0.003276,0.0161879,0.435036,1.25826,1.10095,0.361494,0.0635213,0.0283044,0.133379,0.778816,1.06058,0.293252,0.0395946,0.0210737,0.259426,0.632221,0.966076,0.528524,0.0455846,0.00987448,0.276423,1.01356,0.821389
26.749387755,0.674644,0.324497,0.119083,0.014555,0.0891343,0.404933,0.818487,0.306301,0.0332527,0.0364367,0.0956968,0.520532,0.875059,0.554805,0.125182,0.0230757,0.0451185,0.183543,0.942031,0.643103,0.131782,0.0102184,0.0267291,0.240188,0.509979,0.604628,0.314914,0.0309189,0.0212094,0.361656,1.13956,0.705713,0.166855,0.0239434,0.0167012,0.0555187,0.752436,1.40546,0.536166,0.020256,0.0237886,0.0962416,0.291416,0.866876,0.933934,0.166433,0.00706401,0.0545698,0.414852,0.655016,0.504095,0.168541,0.00205956,0.0422311,0.273569,0.84514,0.7278,0.0529766,0.00528111,0.0164047,0.369002,1.03373,0.956966,0.352317,0.0636453,0.027543,0.125442,0.735406,0.926664,0.268354,0.0395946,0.0202534,0.266141,0.526653,0.914423,0.518133,0.0417305,0.0107865,0.244064,0.943751,0.824659
28.235464853,0.475723,0.187271,0.0516585,0.014555,0.0891343,0.356628,0.711961,0.260999,0.0340473,0.0364367,0.0956968,0.407701,0.640982,0.396427,0.126947,0.0233594,0.0451358,0.13858,0.652162,0.377468,0.114035,0.0102184,0.0268198,0.241348,0.410672,0.473619,0.191454,0.0310183,0.0212094,0.24706,0.954861,0.689945,0.201011,0.0246302,0.0167439,0.0555187,0.662084,1.18714,0.42664,0.0202971,0.0247632,0.0960258,0.206183,0.702342,0.727502,0.132579,0.00758455,0.0556229,0.404826,0.59086,0.379694,0.103177,0.0020776,0.0436318,0.198312,0.674577,0.677028,0.0536034,0.0059505,0.0167214,0.297001,0.77241,0.7889,0.333669,0.0675394,0.0294694,0.108554,0.645845,0.785658,0.207081,0.0409443,0.0223303,0.175576,0.412016,0.74021,0.320864,0.0417468,0.0111072,0.200544,0.833066,0.764312
29.721541950,0.18374,0.168562,0.0452905,0.0146441,0.0556853,0.204426,0.388452,0.20873,0.0327285,0.0366231,0.0960691,0.173103,0.369806,0.308338,0.0932042,0.0233594,0.0451358,0.0887163,0.202263,0.260779,0.0954423,0.0107112,0.023251,0.13713,0.25127,0.338244,0.153077,0.0310432,0.0228423,0.115155,0.47604,0.490426,0.15312,0.024438,0.0167439,0.0565295,0.300453,0.665233,0.258878,0.0202971,0.0247632,0.0424698,0.0904529,0.435756,0.460312,0.0559603,0.00879154,0.0556229,0.228295,0.371565,0.28921,0.0893529,0.0110775,0.0280853,0.166461,0.465683,0.499546,0.0507779,0.0059505,0.0168691,0.149872,0.5569,0.673014,0.260502,0.0675559,0.0294694,0.105825,0.408436,0.518463,0.203958,0.0409678,0.0223991,0.0919839,0.270907,0.48087,0.240085,0.0418422,0.0111262,0.123486,0.472316,0.487938
31.207619048,0.159052,0.0814856,0.0265897,0.0146441,0.0556853,0.197092,0.322563,0.102303,0.0194153,0.0366231,0.0960691,0.157997,0.251394,0.159966,0.0581879,0.023532,0.0451358,0.081935,0.139428,0.149879,0.03977,0.0052023,0.0126376,0.0815889,0.157245,0.14914,0.0879862,0.0302356,0.0228423,0.0860135,0.338541,0.289963,0.0661509,0.00983787,0.0167439,0.0565295,0.197325,0.338252,0.108432,0.0203861,0.0247632,0.029667,0.0485671,0.184573,0.159305,0.0210564,0.00879154,0.0255288,0.120333,0.240439,0.146088,0.0465552,0.0101229,0.0221297,0.0861367,0.201924,0.261825,0.0435228,0.0059505,0.0168691,0.0836717,0.373826,0.546785,0.22436,0.0675559,0.0294694,0.0820736,0.239742,0.297768,0.190262,0.031936,0.0208636,0.0769303,0.22525,0.280313,0.193266,0.0419977,0.0111262,0.0641903,0.32235,0.356533
32.693696145,0.101173,0.0575541,0.0112156,0.00806273,0.0516565,0.183857,0.305814,0.0947165,0.0175254,0.03642,0.0960691,0.167738,0.259359,0.146802,0.0438194,0.0202975,0.0454629,0.0935387,0.163067,0.166595,0.0399232,0.00480373,0.012153,0.0771925,0.13807,0.123039,0.0836916,0.0302356,0.0228309,0.0873843,0.345857,0.294582,0.0676428,0.0104619,0.0166366,0.0563949,0.213851,0.277605,0.0788505,0.0193942,0.0244052,0.0314369,0.0527994,0.182424,0.152127,0.0187726,0.00879154,0.0255791,0.0869716,0.135802,0.0900613,0.0297651,0.0102871,0.0224003,0.0942557,0.15539,0.103412,0.0366511,0.0059505,0.016772,0.0556562,0.255632,0.326623,0.18296,0.0678364,0.0294694,0.079219,0.109548,0.13337,0.0978793,0.0285379,0.0144949,0.0363359,0.070459,0.0566416,0.0423293,0.0195867,0.0111502,0.0334082,0.165901,0.173176
34.179773243,0.119382,0.0760077,0.0107328,0.00780075,0.0503654,0.193675,0.324278,0.0993683,0.017447,0.0361941,0.0970964,0.173937,0.284162,0.168145,0.0438194,0.020171,0.0448544,0.094007,0.17576,0.171583,0.0400157,0.00476533,0.0124753,0.0833238,0.155637,0.133819,0.0873144,0.0301781,0.0229988,0.0911567,0.350383,0.302496,0.0702874,0.0102733,0.0132632,0.0521728,0.228258,0.304516,0.0788505,0.0191961,0.0243681,0.033345,0.062832,0.197229,0.157465,0.020413,0.00855716,0.0261072,0.0949597,0.140598,0.0960677,0.0299465,0.0103059,0.0235303,0.100005,0.179916,0.117767,0.0380978,0.00590468,0.0167597,0.0557166,0.255904,0.327007,0.17276,0.0588879,0.0257139,0.0809448,0.132002,0.143661,0.0983105,0.0285379,0.0148895,0.0380739,0.0814314,0.072501,0.056245,0.0198561,0.0111444,0.0343141,0.171301,0.178943
35.665850340,0.145769,0.08375,0.0121558,0.00780075,0.0503654,0.19701,0.336816,0.104233,0.0119138,0.026538,0.0938909,0.191479,0.32119,0.180339,0.0460424,0.0167363,0.0388758,0.0898143,0.187645,0.207179,0.0400958,0.00455826,0.0119521,0.086108,0.161922,0.138649,0.0853782,0.019734,0.0213832,0.0940198,0.366099,0.323552,0.0833149,0.0102605,0.0132632,0.0527112,0.255207,0.388287,0.102226,0.0163829,0.0207572,0.030644,0.0630913,0.214595,0.168055,0.021438,0.00850557,0.0262805,0.101573,0.150542,0.114698,0.0317625,0.00988753,0.0233192,0.10358,0.194336,0.122564,0.0383373,0.00343333,0.0147762,0.0707212,0.325341,0.369631,0.17577,0.0588812,0.0258987,0.0826296,0.147462,0.186136,0.112678,0.0269187,0.0137863,0.0379475,0.0844578,0.0773757,0.0620839,0.0198426,0.0111444,0.0376977,0.184982,0.1897
37.151927438,0.175284,0.0814322,0.0117179,0.00774011,0.0502219,0.200459,0.380309,0.118732,0.0131298,0.026538,0.0934553,0.22997,0.375365,0.235138,0.0621541,0.0167363,0.0386598,0.169835,0.355872,0.259397,0.0415382,0.00455826,0.0119521,0.0947267,0.169337,0.143541,0.0927551,0.019734,0.0213832,0.0905899,0.368559,0.318265,0.0818847,0.0102605,0.0132632,0.0390386,0.262719,0.402793,0.10349,0.0118738,0.019196,0.0447113,0.08827,0.219904,0.174151,0.0226076,0.00850557,0.0245955,0.117519,0.15662,0.0970578,0.0210245,0.00947626,0.018204,0.104688,0.231038,0.131387,0.0341305,0.00338937,0.0122391,0.0679192,0.338526,0.418905,0.188531,0.0588812,0.0258987,0.0798382,0.147197,0.189989,0.112439,0.0269187,0.0137827,0.0408926,0.107124,0.0862561,0.0649615,0.0198261,0.0111106,0.0355572,0.18741,0.193638
38.638004535,0.221863,0.115573,0.0146326,0.00774011,0.0530198,0.21838,0.425116,0.126384,0.0131298,0.026538,0.0992794,0.243081,0.399187,0.270682,0.065318,0.0166755,0.0397089,0.178284,0.367407,0.260583,0.0391398,0.00376992,0.0137547,0.0972017,0.223075,0.18575,0.101569,0.0183621,0.021052,0.0988335,0.365429,0.331767,0.100307,0.0154585,0.0132272,0.0375579,0.289215,0.463692,0.113155,0.0118581,0.0191947,0.0415256,0.0999435,0.278667,0.203002,0.0285416,0.00822166,0.0320174,0.140238,0.185567,0.10431,0.0218796,0.00940423,0.0180666,0.119834,0.396637,0.234867,0.0443013,0.00338884,0.0135404,0.111658,0.380996,0.461956,0.211655,0.0588812,0.0258987,0.0875868,0.224793,0.227958,0.11029,0.0269187,0.0137827,0.0533091,0.139301,0.187889,0.112732,0.0218187,0.0111106,0.0355572,0.203258,0.2073
40.124081633,0.209207,0.104736,0.0128866,0.00760938,0.0525298,0.220399,0.436822,0.130156,0.0132814,0.0257209,0.0973653,0.260255,0.434659,0.272529,0.0514825,0.0114098,0.0334731,0.172646,0.37462,0.314139,0.0464765,0.00306383,0.00711413,0.0793024,0.202387,0.181204,0.106705,0.0172017,0.0218552,0.101635,0.379264,0.34576,0.102911,0.0154585,0.0132272,0.0382917,0.284418,0.471622,0.103324,0.0121802,0.0192578,0.0421607,0.102547,0.279317,0.212144,0.0285416,0.00819539,0.0328707,0.14717,0.184152,0.109733,0.0235775,0.00940423,0.0180666,0.120825,0.405819,0.238431,0.0442898,0.00317418,0.0126642,0.113021,0.407068,0.467762,0.212437,0.0588812,0.0258987,0.0904451,0.232003,0.234822,0.11029,0.0267615,0.0124623,0.054516,0.135503,0.189801,0.11586,0.0218187,0.0111106,0.0413473,0.218997,0.210398
41.610158730,0.211279,0.105499,0.0149964,0.00448784,0.04814,0.232596,0.482574,0.135584,0.0124867,0.0232067,0.0897337,0.241199,0.442602,0.290892,0.0541566,0.00991848,0.0190026,0.155927,0.395703,0.322354,0.0466115,0.00640871,0.00660625,0.0796111,0.201573,0.184823,0.108454,0.0159319,0.0226703,0.101311,0.393249,0.368711,0.113478,0.015159,0.0116079,0.0344289,0.288597,0.478728,0.107428,0.0104667,0.0144156,0.0358629,0.104531,0.276684,0.220837,0.0302374,0.0034336,0.0247168,0.146827,0.187979,0.109581,0.0267048,0.00926376,0.0133731,0.123251,0.433163,0.240675,0.0445227,0.00360722,0.0108519,0.106079,0.406271,0.441248,0.155155,0.0488163,0.0259107,0.089191,0.23354,0.262143,0.105623,0.00588964,0.00620871,0.0479976,0.137054,0.193618,0.152596,0.0182529,0.00627961,0.0275497,0.191719,0.21979
43.096235828,0.219885,0.120089,0.0152698,0.00476385,0.0173995,0.218627,0.495662,0.134741,0.0107037,0.0234271,0.0912863,0.24756,0.476088,0.303218,0.0552069,0.00991848,0.0190026,0.157732,0.405526,0.345231,0.0498604,0.00640871,0.00647879,0.0794809,0.211842,0.198131,0.108907,0.0159094,0.0229861,0.10265,0.416234,0.387709,0.115269,0.0155171,0.0121073,0.0344068,0.302402,0.489857,0.107887,0.00579691,0.011582,0.0342081,0.109385,0.292989,0.229323,0.0282971,0.0034336,0.0252871,0.151089,0.19654,0.115106,0.0306153,0.00977816,0.0140855,0.128255,0.445217,0.25259,0.041409,0.00362659,0.0106961,0.111725,0.420509,0.445863,0.153936,0.0460846,0.0254651,0.0891813,0.249999,0.270543,0.0974468,0.00512732,0.00620871,0.0552596,0.140109,0.212711,0.164068,0.0163006,0.00649081,0.0276282,0.211299,0.22302
44.582312925,0.222009,0.124834,0.0147429,0.0042072,0.0193625,0.238507,0.501029,0.124793,0.00820991,0.0229421,0.0923327,0.271491,0.534508,0.306527,0.0417995,0.00689036,0.0189962,0.157814,0.427761,0.406507,0.0526041,0.00640871,0.00825419,0.0799849,0.213226,0.196047,0.103803,0.010326,0.0223754,0.109102,0.430213,0.387993,0.115396,0.0155171,0.0121073,0.0345887,0.287685,0.507454,0.106512,0.00409503,0.011582,0.0342414,0.117443,0.35342,0.244488,0.0276103,0.0032811,0.0257525,0.154939,0.187115,0.115541,0.030848,0.00977816,0.0153731,0.144182,0.458106,0.253582,0.0412425,0.00362659,0.010774,0.11638,0.438884,0.46343,0.155361,0.0460846,0.0254651,0.0894171,0.255069,0.293517,0.0981511,0.00512732,0.00620871,0.054864,0.138725,0.213774,0.165514,0.0167152,0.00649081,0.0298165,0.218194,0.239164
46.068390023,0.257494,0.141226,0.0270268,0.00097868,0.00998315,0.152666,0.408312,0.127643,0.00908987,0.00192471,0.0160026,0.339238,0.637684,0.382098,0.0421123,0.00331303,0.00516133,0.152204,0.62149,0.521441,0.0667447,0.00640871,0.00825419,0.144476,0.224325,0.242809,0.147732,0.00682864,0.00496678,0.0519894,0.431655,0.346757,0.11628,0.0152987,0.00138092,0.0137308,0.315647,0.64468,0.1088,0.00229996,0.00641652,0.0312653,0.157751,0.2891,0.252036,0.0374238,0.00326888,0.0221328,0.167411,0.220167,0.132334,0.0604773,0.00977816,0.0172165,0.156686,0.522834,0.265311,0.0345932,0.00356364,0.00400178,0.12705,0.514307,0.533839,0.0765398,0.00956288,0.00224225,0.0177935,0.23057,0.352584,0.102688,0.00372273,0.00620871,0.077966,0.144197,0.220685,0.199522,0.0111299,0.00223994,0.0388823,0.28695,0.231871
47.554467120,0.34309,0.136839,0.0270494,0.118917,0.133003,0.164455,0.501193,0.14038,0.00964861,0.00192471,0.0362137,0.36275,0.667874,0.389335,0.0426524,0.00178719,0.00695452,0.423008,0.960045,0.524914,0.0658059,0.00582081,0.0355019,0.243063,0.264893,0.260119,0.14476,0.00694181,0.179165,0.483526,0.712907,0.357655,0.10647,0.0134121,0.00138092,0.0136334,0.398247,0.768341,0.138475,0.00168259,0.00504406,0.0312653,0.158208,0.285687,0.289131,0.0387122,0.00303261,0.0623269,0.35085,0.417793,0.151184,0.0539052,0.00977816,0.0169035,0.155176,0.687974,0.415385,0.03526,0.00314446,0.00400178,0.252957,0.530967,0.506194,0.0924026,0.00918977,0.00224225,0.0234588,0.312848,0.347705,0.102692,0.00366302,0.00620871,0.138714,0.161762,0.388426,0.299753,0.0111299,0.00223994,0.0388823,0.29073,0.234331
49.040544218,0.352265,0.142144,0.0277998,0.118917,0.134133,0.179763,0.497876,0.138732,0.0096541,0.0015927,0.0346587,0.375874,0.66545,0.402182,0.0444691,0.00178576,0.0201466,0.444248,0.985088,0.607863,0.0906868,0.00592583,0.038162,0.257454,0.26252,0.24719,0.2298,0.058136,0.190322,0.544723,0.720472,0.390511,0.144882,0.0134121,0.00138092,0.0136334,0.505229,0.90315,0.280823,0.0786729,0.00504406,0.0373154,0.175624,0.291185,0.300548,0.182918,0.188928,0.0897631,0.394561,0.381135,0.14317,0.0819316,0.0137171,0.0387492,0.183166,0.936995,0.698797,0.0942596,0.0101799,0.0850002,0.317609,0.583767,0.519004,0.0922988,0.00918977,0.00237108,0.150074,0.476769,0.398267,0.102241,0.00364237,0.00624416,0.142656,0.170007,0.515071,0.436956,0.0112388,0.00405843,0.05823,0.318946,0.302323
50.526621315,0.356282,0.163305,0.0264401,0.118818,0.135132,0.312853,0.508313,0.134268,0.00967788,0.0016551,0.0366906,0.370226,0.607606,0.377359,0.0574574,0.0673176,0.0949524,0.439404,0.964514,0.576917,0.0760301,0.00426558,0.0392775,0.318668,0.475997,0.318338,0.256326,0.0532704,0.199903,0.553484,0.714058,0.385037,0.15468,0.0720034,0.185592,0.050667,0.49672,0.893166,0.279059,0.0873175,0.0194339,0.10347,0.240308,0.315573,0.287557,0.181233,0.192431,0.102542,0.428312,0.421698,0.177775,0.0798799,0.0148142,0.0430793,0.18341,0.920947,0.683366,0.202082,0.0333386,0.0887356,0.316309,0.584522,0.547634,0.10951,0.0172194,0.0109804,0.155648,0.616304,0.495286,0.165001,0.00364237,0.00976631,0.156575,0.161805,0.509612,0.472197,0.153289,0.0279834,0.100454,0.361101,0.28827
52.012698413,0.339231,0.163549,0.0264401,0.118818,0.135132,0.311424,0.453915,0.105011,0.00888329,0.0016551,0.0367181,0.367286,0.585663,0.350841,0.0559107,0.0671504,0.0949351,0.439284,0.980893,0.671103,0.197305,0.0122867,0.0414446,0.298306,0.438007,0.297588,0.256127,0.078458,0.257881,0.579888,0.568351,0.234788,0.117091,0.0722488,0.186911,0.0514204,0.444024,0.816596,0.281861,0.14574,0.0195751,0.103739,0.245644,0.323259,0.2875,0.181185,0.197622,0.125299,0.434439,0.415182,0.177096,0.0798254,0.0153112,0.0419704,0.174456,0.903497,0.678201,0.201455,0.0326692,0.0884189,0.314925,0.567743,0.536387,0.128397,0.0136994,0.009054,0.155043,0.608247,0.482254,0.165635,0.00235268,0.0145925,0.156823,0.152822,0.50291,0.469871,0.163553,0.0909869,0.17476,0.327793,0.244617
53.498775510,0.375127,0.164653,0.0263819,0.118729,0.134045,0.312271,0.540486,0.190542,0.0263329,0.0014687,0.0363458,0.431941,0.720323,0.410116,0.0558724,0.0672407,0.0949636,0.439669,0.989254,0.663444,0.191165,0.0117939,0.0414446,0.316197,0.505823,0.338681,0.2575,0.0784385,0.256248,0.580598,0.585032,0.271186,0.1387,0.0722598,0.186911,0.0508545,0.530866,0.936192,0.308636,0.145755,0.0196104,0.103739,0.243099,0.341295,0.299783,0.18515,0.196415,0.125299,0.453291,0.463979,0.192449,0.0797259,0.00633109,0.036935,0.177828,0.941517,0.741613,0.226312,0.0327065,0.0882795,0.32533,0.580508,0.514409,0.128392,0.0137305,0.00909467,0.174976,0.647511,0.473333,0.128173,0.00232923,0.0145255,0.159538,0.178266,0.536961,0.477711,0.163461,0.0910302,0.174796,0.32857,0.255209
54.984852608,0.411395,0.16888,0.026397,0.118729,0.134059,0.31151,0.550165,0.282786,0.116825,0.0014687,0.0363458,0.421822,0.7703,0.471959,0.0599979,0.0674925,0.0954759,0.439669,0.984955,0.690437,0.199466,0.0116214,0.0412306,0.314742,0.539504,0.383898,0.254997,0.0783763,0.256248,0.578429,0.592776,0.316524,0.17772,0.0724829,0.186911,0.0508545,0.619328,1.15077,0.354696,0.146189,0.0196104,0.103739,0.243099,0.380906,0.350073,0.192761,0.196415,0.125222,0.454416,0.474025,0.19859,0.0784776,0.00633109,0.036935,0.177141,0.963931,0.800119,0.262619,0.0327065,0.0882795,0.365895,0.906909,0.792301,0.13534,0.0137305,0.00909467,0.174976,0.644215,0.480097,0.126552,0.00216194,0.0144921,0.159798,0.187899,0.550779,0.477703,0.163305,0.0910302,0.17442,0.327172,0.257957
56.470929705,0.411692,0.169706,0.0262203,0.118663,0.135817,0.318417,0.551106,0.280605,0.115667,0.00148281,0.036551,0.419463,0.832004,0.471158,0.0591785,0.0674925,0.0951546,0.438948,0.974438,0.676874,0.201259,0.0120277,0.0410084,0.312184,0.54518,0.418475,0.252603,0.078473,0.256264,0.579064,0.595509,0.313877,0.255216,0.0713883,0.186911,0.0506008,0.611308,1.15814,0.367743,0.146184,0.0201023,0.101557,0.241815,0.382331,0.350698,0.191974,0.196523,0.125172,0.451365,0.520837,0.216933,0.0783111,0.00617837,0.0366541,0.177493,0.962747,0.811827,0.262748,0.0329447,0.0882795,0.362799,0.902853,0.805946,0.129006,0.0135599,0.00909467,0.177093,0.65625,0.512753,0.156995,0.00201072,0.0145049,0.159628,0.199485,0.562655,0.477744,0.162468,0.0911439,0.172449,0.323461,0.283699
57.957006803,0.392242,0.151047,0.0258902,0.119107,0.158179,0.312969,0.551791,0.275987,0.115778,0.00935056,0.0412447,0.478768,0.826931,0.452923,0.0591785,0.0675046,0.0935969,0.430744,0.958811,0.671852,0.202169,0.0130491,0.040975,0.306915,0.530249,0.410367,0.256395,0.0796196,0.333067,0.639668,0.622688,0.333503,0.253321,0.0712064,0.187415,0.0554224,0.609721,1.14224,0.367299,0.146189,0.0202242,0.118773,0.307026,0.367766,0.345359,0.19061,0.196636,0.12398,0.44075,0.525272,0.245911,0.0862132,0.00623835,0.0359733,0.176834,1.01035,0.81659,0.262498,0.0330842,0.0873583,0.360215,0.910058,0.830587,0.126739,0.0134312,0.0100438,0.199676,0.646665,0.506609,0.157025,0.00214162,0.0141232,0.158108,0.222947,0.593691,0.482147,0.164315,0.0912619,0.171834,0.322732,0.281937
59.443083900,0.405076,0.14706,0.0257884,0.124983,0.167171,0.330141,0.555701,0.270247,0.116501,0.0119573,0.043972,0.459905,0.788758,0.44196,0.0564048,0.0691372,0.0940605,0.43538,1.01559,0.634519,0.201812,0.013447,0.0523688,0.361107,0.540747,0.408041,0.24251,0.0796196,0.332849,0.637652,0.615303,0.323321,0.252415,0.0717821,0.187415,0.054884,0.583215,1.06493,0.34254,0.152363,0.0479324,0.149235,0.322222,0.357788,0.362715,0.273115,0.197841,0.128441,0.438515,0.517645,0.227255,0.08475,0.00632615,0.0370776,0.173178,0.994518,0.808503,0.260007,0.033687,0.129725,0.35681,0.842904,0.790662,0.130255,0.0283892,0.0143866,0.20334,0.656434,0.485598,0.157351,0.0103923,0.014278,0.158055,0.217757,0.587519,0.476244,0.164918,0.0919999,0.173255,0.310131,0.271172
60.929160998,0.364247,0.138193,0.0383088,0.143081,0.180669,0.330366,0.510191,0.296937,0.123417,0.0121069,0.0507277,0.449125,0.760259,0.385899,0.0400176,0.06917,0.0940605,0.373499,0.860733,0.580527,0.205685,0.0204304,0.0607962,0.356867,0.522302,0.386869,0.236841,0.080985,0.33593,0.647601,0.6006,0.329741,0.276423,0.0751659,0.190498,0.0562325,0.542509,1.03634,0.338534,0.162785,0.0590907,0.137019,0.29398,0.346136,0.356163,0.275827,0.210195,0.160703,0.414997,0.495153,0.220919,0.0814216,0.0078439,0.0427734,0.170995,0.958067,0.790724,0.260007,0.0339196,0.131671,0.355857,0.839011,0.767257,0.119983,0.0642502,0.0267845,0.204014,0.652296,0.484784,0.164222,0.0107841,0.0255647,0.169777,0.216424,0.578247,0.47248,0.165961,0.0972748,0.176755,0.30664,0.264535
62.415238095,0.317291,0.105827,0.0579761,0.149129,0.178239,0.309521,0.466328,0.294157,0.12418,0.0222778,0.0720996,0.448696,0.738477,0.347722,0.0360952,0.06917,0.0939369,0.3815,0.856175,0.580301,0.212395,0.0218021,0.058665,0.35259,0.470602,0.346848,0.228046,0.0880422,0.361577,0.651142,0.598472,0.32182,0.267898,0.0692895,0.202735,0.0824447,0.518936,0.982436,0.331053,0.164122,0.0591706,0.140017,0.305057,0.293074,0.337448,0.273169,0.21732,0.155612,0.39418,0.467737,0.206312,0.0804954,0.0190259,0.0590346,0.153964,0.786362,0.68531,0.260883,0.0552339,0.182741,0.380914,0.798634,0.723235,0.101868,0.0686504,0.0268061,0.198173,0.576359,0.46256,0.178237,0.0140205,0.0325622,0.162774,0.177772,0.46414,0.42142,0.169614,0.0977278,0.176814,0.287625,0.241366
63.901315193,0.328264,0.105663,0.0570163,0.158679,0.183964,0.311419,0.484299,0.3069,0.123935,0.0219289,0.0715775,0.430018,0.734055,0.368276,0.0577234,0.0710366,0.0979491,0.40956,0.86687,0.534173,0.209902,0.0317658,0.061419,0.353594,0.486624,0.354191,0.219367,0.0868886,0.360637,0.6457,0.577714,0.30433,0.27261,0.0752682,0.203964,0.0824166,0.529371,0.970365,0.332765,0.166355,0.0591075,0.139438,0.301547,0.294888,0.333817,0.277576,0.225322,0.156956,0.388961,0.465212,0.194506,0.0779841,0.0217464,0.065012,0.162292,0.777376,0.682757,0.261803,0.0555856,0.182553,0.379407,0.797735,0.722579,0.101601,0.0695002,0.0277623,0.195315,0.569148,0.462457,0.180852,0.0149503,0.0334569,0.158592,0.175869,0.458927,0.425811,0.171256,0.0989673,0.173004,0.291999,0.239147
65.387392290,0.323656,0.104683,0.0536866,0.158679,0.183964,0.297985,0.448193,0.346744,0.17388,0.0346952,0.0903868,0.438143,0.733932,0.348405,0.0547414,0.0704902,0.0975254,0.416735,0.880617,0.568122,0.204349,0.0284209,0.0611513,0.347823,0.481713,0.347151,0.215723,0.0863582,0.359614,0.64531,0.57427,0.338591,0.323824,0.0782018,0.203861,0.0803818,0.51508,0.95271,0.328479,0.166126,0.0566811,0.151491,0.355127,0.364728,0.335994,0.27872,0.224499,0.15646,0.386205,0.465508,0.196983,0.0749532,0.0217464,0.0762811,0.194297,0.812427,0.706176,0.260899,0.0552223,0.182551,0.38272,0.800615,0.706971,0.10302,0.0804565,0.0607059,0.249081,0.591152,0.434628,0.164112,0.0134005,0.0333444,0.157911,0.168853,0.530433,0.545894,0.237241,0.0988263,0.172266,0.279539,0.207964
66.873469388,0.313583,0.089848,0.0534148,0.158428,0.183626,0.283927,0.443458,0.344316,0.173883,0.0344871,0.0887581,0.431675,0.702741,0.335056,0.0536775,0.0704911,0.0975301,0.414744,0.869281,0.5433,0.2011,0.0284209,0.0611513,0.346716,0.469017,0.336143,0.215439,0.086359,0.359298,0.642543,0.549291,0.316228,0.319824,0.0778183,0.203456,0.080467,0.499688,0.938251,0.324914,0.166107,0.0564553,0.149307,0.347414,0.346771,0.324715,0.278134,0.224499,0.155889,0.381544,0.456122,0.190542,0.0708368,0.0238378,0.078849,0.181547,0.794255,0.690336,0.260766,0.0552843,0.182426,0.377118,0.792298,0.716247,0.0989063,0.0802162,0.0607059,0.24824,0.572032,0.419118,0.164112,0.0133808,0.0333444,0.150617,0.164495,0.508697,0.532669,0.237241,0.0986151,0.172044,0.257542,0.201087
68.359546485,0.319221,0.0903092,0.0546639,0.158968,0.181638,0.290878,0.436227,0.34473,0.176608,0.0355346,0.0878499,0.408863,0.657125,0.330408,0.0598454,0.0732326,0.0979973,0.415191,0.844838,0.490327,0.198405,0.0293385,0.0614347,0.347942,0.472095,0.340706,0.213209,0.0863827,0.359214,0.636412,0.553264,0.332472,0.320167,0.078139,0.203478,0.0803935,0.498978,0.919494,0.32461,0.169953,0.0578899,0.149598,0.342226,0.298735,0.30872,0.279241,0.225376,0.155556,0.381449,0.463066,0.190303,0.0708221,0.0238468,0.0775568,0.166502,0.792069,0.689934,0.261263,0.0563586,0.18276,0.373328,0.780715,0.703128,0.0990239,0.0802368,0.0607126,0.248549,0.567089,0.400325,0.168271,0.0141857,0.0336361,0.150748,0.164796,0.50701,0.531358,0.23955,0.105084,0.172182,0.252772,0.187937
69.845623583,0.329778,0.0817266,0.0444777,0.159002,0.181638,0.294839,0.443047,0.339161,0.178685,0.0358789,0.0878499,0.310582,0.569522,0.276974,0.0627798,0.0732326,0.0979973,0.404459,0.672696,0.407066,0.187388,0.0293385,0.0666958,0.30685,0.467958,0.32833,0.179171,0.0872501,0.359214,0.635249,0.477593,0.31947,0.322794,0.078391,0.203478,0.0754841,0.470875,0.815923,0.328314,0.169953,0.0578899,0.149598,0.296966,0.295952,0.238875,0.269427,0.225376,0.153315,0.36665,0.441426,0.186839,0.0419468,0.0238468,0.0757134,0.141272,0.720375,0.686713,0.261413,0.0563586,0.18276,0.369137,0.739775,0.648874,0.0988668,0.0802368,0.0612298,0.250258,0.550342,0.363153,0.162067,0.0140397,0.0336865,0.143251,0.157498,0.538257,0.500665,0.237154,0.105084,0.167391,0.186751,0.204499
71.331700680,0.249058,0.0988719,0.113879,0.041057,0.0584677,0.275395,0.373123,0.385398,0.177216,0.0358789,0.0679404,0.293356,0.561276,0.403577,0.0844913,0.0732326,0.0960248,0.135771,0.358585,0.41759,0.198033,0.0293385,0.0424182,0.22618,0.423194,0.351905,0.229016,0.0908125,0.185015,0.206396,0.237556,0.344834,0.32616,0.0783878,0.203478,0.0762062,0.406777,0.834517,0.345823,0.169718,0.0578899,0.15293,0.316197,0.275126,0.319723,0.3094,0.225376,0.119005,0.247852,0.307068,0.195098,0.17183,0.0272026,0.0757134,0.134525,0.575617,0.573772,0.253635,0.0563586,0.183723,0.254332,0.642838,0.644613,0.124894,0.0802368,0.0615762,0.246292,0.459568,0.356827,0.152231,0.0140397,0.0400575,0.12183,0.160349,0.388547,0.463879,0.240915,0.105084,0.17168,0.227027,0.181154
72.817777778,0.307049,0.123184,0.133156,0.0432284,0.0628886,0.356523,0.443097,0.40721,0.177723,0.0358738,0.0661276,0.500148,0.63653,0.417048,0.0868141,0.0734504,0.0824565,0.212215,0.404263,0.333609,0.172081,0.0292475,0.0401107,0.250822,0.469013,0.421237,0.161255,0.0395491,0.17351,0.185545,0.243304,0.319388,0.294839,0.0785865,0.203478,0.0997677,0.360499,0.746494,0.208618,0.0932767,0.0578899,0.145651,0.308674,0.292786,0.315553,0.165188,0.0394801,0.105354,0.245454,0.325901,0.206651,0.150889,0.0232636,0.0597126,0.12167,0.341199,0.316325,0.207846,0.0493056,0.102597,0.211729,0.621655,0.708433,0.14179,0.0802368,0.0614474,0.12091,0.345897,0.358819,0.163453,0.0140386,0.0404416,0.168891,0.176554,0.383698,0.366057,0.242231,0.103226,0.169943,0.270881,0.209102
74.303854875,0.342584,0.114015,0.137923,0.0429778,0.0604801,0.234961,0.456376,0.413429,0.17933,0.036091,0.0699573,0.523467,0.674353,0.480087,0.0936546,0.00856555,0.0150184,0.219913,0.429459,0.353747,0.180729,0.0291662,0.0409928,0.196397,0.277771,0.388238,0.134611,0.0468337,0.166124,0.194877,0.252829,0.328959,0.281586,0.0153108,0.0185415,0.0651138,0.418586,0.84417,0.244909,0.0851379,0.0425864,0.0753782,0.234415,0.279996,0.339355,0.177294,0.0375081,0.104083,0.232416,0.324699,0.202567,0.168583,0.0234482,0.0547789,0.133683,0.378314,0.33566,0.100807,0.0247832,0.100662,0.25518,0.675116,0.77119,0.200985,0.0803954,0.0528381,0.116986,0.23968,0.315346,0.128362,0.0167994,0.0425756,0.148498,0.219086,0.510808,0.374656,0.108484,0.0801658,0.136055,0.23938,0.276786
75.789931973,0.351655,0.125425,0.145037,0.0437202,0.0604801,0.23581,0.46159,0.420584,0.184861,0.0364824,0.0699298,0.532077,0.710965,0.491206,0.0900499,0.00848665,0.0150184,0.226841,0.423239,0.275715,0.0630513,0.0228381,0.0413545,0.203481,0.285104,0.394978,0.142104,0.0216003,0.108162,0.168849,0.274648,0.343529,0.283864,0.0143786,0.0171803,0.0651993,0.432828,0.886693,0.226854,0.0266739,0.0414706,0.0787395,0.239869,0.274092,0.355358,0.180597,0.0317971,0.0803194,0.226411,0.344271,0.20959,0.174144,0.0251857,0.0544871,0.141565,0.394204,0.343218,0.10081,0.0247832,0.101338,0.265029,0.714277,0.787987,0.188788,0.0800212,0.0546641,0.124038,0.250556,0.337121,0.129229,0.0167394,0.0357101,0.152962,0.229306,0.526685,0.38617,0.102663,0.0168416,0.0607074,0.260044,0.277372
77.276009070,0.328798,0.135167,0.152894,0.0509886,0.0646711,0.257435,0.405273,0.354138,0.174066,0.0364824,0.0707875,0.483368,0.60994,0.473303,0.101946,0.00839628,0.0149898,0.239712,0.432158,0.271939,0.0653791,0.0246596,0.0433535,0.201203,0.238534,0.380992,0.162568,0.0222652,0.108685,0.183448,0.26909,0.30408,0.275296,0.0176536,0.0224864,0.0906952,0.403293,0.821892,0.211069,0.031052,0.0417176,0.0794059,0.251102,0.27104,0.343033,0.1763,0.0342045,0.0884442,0.225236,0.306851,0.212112,0.185411,0.0269968,0.0639755,0.151088,0.34863,0.288706,0.0821154,0.0253306,0.103102,0.263734,0.697642,0.791007,0.193386,0.082477,0.0546234,0.104315,0.219513,0.331381,0.131006,0.0170165,0.0357082,0.15395,0.208349,0.500407,0.391368,0.107053,0.0178338,0.0636122,0.258132,0.277893
78.762086168,0.326477,0.140495,0.163857,0.0509886,0.0652823,0.290383,0.425718,0.271289,0.0833512,0.0375998,0.0708391,0.49676,0.594689,0.471319,0.119053,0.00797194,0.0170439,0.245752,0.445054,0.244538,0.0665833,0.0246596,0.0473824,0.215993,0.236636,0.372048,0.183311,0.0222501,0.108685,0.196858,0.272196,0.26439,0.236864,0.0174304,0.0224864,0.0953802,0.342671,0.660754,0.208365,0.0406267,0.0417176,0.081355,0.253759,0.245799,0.309114,0.191356,0.0445649,0.104973,0.258936,0.308048,0.215393,0.191944,0.0405389,0.0642656,0.17118,0.362011,0.245702,0.0495383,0.0253306,0.108745,0.262014,0.442776,0.565307,0.229137,0.107707,0.0589146,0.112096,0.268228,0.385727,0.153336,0.0199099,0.0357082,0.177227,0.24168,0.537613,0.423765,0.118033,0.0178338,0.0790875,0.320311,0.317366
80.248163265,0.337444,0.150284,0.167054,0.0530675,0.070299,0.281737,0.407428,0.264845,0.0835418,0.0375857,0.102078,0.52417,0.562587,0.471487,0.117558,0.0177993,0.0217996,0.23876,0.442631,0.277679,0.0708854,0.0275911,0.0509235,0.228808,0.241387,0.34098,0.193651,0.0226015,0.116668,0.20507,0.286968,0.280038,0.157074,0.0175447,0.0224864,0.107223,0.387419,0.669411,0.201848,0.0405194,0.0424119,0.0902471,0.256894,0.249019,0.321527,0.197183,0.0490795,0.120447,0.271519,0.28105,0.206381,0.19417,0.0427747,0.0657919,0.180918,0.365774,0.23319,0.0497703,0.0250924,0.114794,0.30334,0.48486,0.556609,0.233375,0.107597,0.0677276,0.120406,0.260582,0.372783,0.127114,0.022492,0.0398961,0.186149,0.240215,0.533574,0.434975,0.124072,0.0236508,0.0919912,0.331306,0.283331
81.734240363,0.385763,0.186191,0.169933,0.0524575,0.0492597,0.306316,0.438416,0.26905,0.0912043,0.0297179,0.0986424,0.496341,0.596287,0.497004,0.117558,0.0177872,0.022424,0.261543,0.485337,0.300435,0.0713055,0.0265696,0.0513741,0.244088,0.282399,0.368245,0.194565,0.0225265,0.0401687,0.152166,0.277954,0.26315,0.173726,0.0205359,0.0219819,0.113283,0.406103,0.726303,0.213901,0.0406767,0.04229,0.0736756,0.192163,0.279618,0.338288,0.200151,0.0489662,0.122936,0.276233,0.294602,0.187553,0.195286,0.0429782,0.0671697,0.18596,0.309201,0.235973,0.0546973,0.0258764,0.114848,0.303991,0.492275,0.548223,0.238,0.107597,0.0667785,0.0956969,0.264975,0.387467,0.133863,0.0225302,0.039895,0.188896,0.217141,0.512199,0.432533,0.122181,0.0235328,0.0921952,0.341649,0.305419
83.220317460,0.385098,0.255509,0.198651,0.0465814,0.0402673,0.318041,0.534384,0.338209,0.0973746,0.0271112,0.0948911,0.499866,0.726592,0.620656,0.150936,0.0161546,0.0219604,0.259218,0.446325,0.357217,0.0768448,0.0261718,0.0426441,0.193777,0.340258,0.432561,0.234244,0.0225265,0.0401687,0.159433,0.293612,0.276745,0.167549,0.0199602,0.0219819,0.113283,0.502444,0.882911,0.246941,0.0345026,0.0145818,0.0466535,0.188604,0.361419,0.365968,0.125429,0.0477616,0.126298,0.31342,0.325274,0.250295,0.210724,0.0428904,0.0660653,0.210578,0.444667,0.317078,0.0676163,0.0252737,0.0722439,0.313493,0.629841,0.710543,0.276796,0.0926392,0.0622509,0.0958856,0.308115,0.446695,0.13131,0.0142795,0.0395941,0.19455,0.273793,0.622141,0.4907,0.121579,0.0227947,0.0918465,0.391816,0.36195
84.706394558,0.442073,0.266932,0.185666,0.0342264,0.0271688,0.378023,0.73985,0.445851,0.0962641,0.0272198,0.0881354,0.472012,0.804591,0.864525,0.234156,0.0178468,0.0219604,0.240554,0.455515,0.448612,0.131426,0.0381911,0.0342167,0.201239,0.369597,0.446168,0.252601,0.0364067,0.0413783,0.160401,0.415123,0.429723,0.160885,0.0169336,0.0188993,0.111935,0.528997,1.04936,0.360588,0.0270755,0.00342355,0.0447422,0.224025,0.425634,0.454608,0.146335,0.0354079,0.100267,0.36616,0.387499,0.313579,0.24428,0.0489003,0.0603696,0.245939,0.563363,0.36873,0.0703828,0.025041,0.0702978,0.312165,0.725164,0.814542,0.295328,0.0567782,0.049853,0.0952121,0.320205,0.48267,0.139936,0.0138877,0.0343586,0.201667,0.276947,0.639806,0.515167,0.126903,0.0175198,0.107655,0.461359,0.419316
86.192471655,0.471475,0.266023,0.163084,0.0281783,0.0503676,0.453666,0.799303,0.440457,0.0955011,0.0170489,0.0625752,0.520193,0.857125,0.872587,0.234412,0.0178468,0.031309,0.230343,0.472544,0.452272,0.124972,0.0397243,0.0418236,0.234032,0.388986,0.442739,0.250369,0.0293495,0.0176784,0.17838,0.47368,0.416395,0.147407,0.0171576,0.00666182,0.0850789,0.586183,1.11967,0.383889,0.0349861,0.00334359,0.041744,0.196028,0.426222,0.469876,0.153206,0.0316436,0.0977658,0.361802,0.4498,0.325907,0.24764,0.0393529,0.0442923,0.308464,0.706897,0.397133,0.0558416,0.00753283,0.0179265,0.249209,0.920981,0.99212,0.313105,0.0523779,0.0498314,0.124933,0.402523,0.594763,0.213638,0.0238821,0.0288764,0.213789,0.388621,0.749976,0.549733,0.129766,0.0170668,0.138692,0.661697,0.604733
87.678548753,0.467608,0.269445,0.163084,0.0199061,0.0442007,0.45352,0.777196,0.423974,0.0955011,0.0170489,0.0638295,0.522859,0.839224,0.84109,0.212786,0.0200781,0.0266917,0.199679,0.45191,0.455042,0.120189,0.0318122,0.0383177,0.228899,0.408007,0.432872,0.248564,0.0303616,0.0186356,0.178439,0.48843,0.435341,0.140279,0.0113579,0.00737366,0.0845748,0.574976,1.10986,0.377802,0.0340926,0.00401869,0.0416884,0.196382,0.435519,0.471062,0.149504,0.0240744,0.0957235,0.374165,0.468528,0.33378,0.24925,0.037352,0.0384421,0.302585,0.722799,0.411585,0.0619019,0.00718122,0.0178681,0.248406,0.915765,1.02449,0.317203,0.0515282,0.0488751,0.125858,0.427906,0.611912,0.227111,0.0229523,0.0271998,0.212214,0.415451,0.779603,0.549691,0.128124,0.0184177,0.1368,0.652232,0.624972
89.164625850,0.492038,0.273779,0.16526,0.0201497,0.0542702,0.481502,0.781828,0.379407,0.0454139,0.00345074,0.0450285,0.534083,0.862251,0.84128,0.21324,0.020071,0.0309487,0.20467,0.423939,0.411628,0.121034,0.0319837,0.0384582,0.235254,0.428662,0.442998,0.24904,0.0305116,0.0191114,0.183048,0.483334,0.377497,0.077428,0.00811155,0.00748953,0.0848463,0.579028,1.11322,0.37793,0.0343351,0.00448702,0.0295934,0.140541,0.366437,0.458103,0.146693,0.0243017,0.0960451,0.375335,0.464483,0.329629,0.24965,0.0380506,0.0253882,0.261641,0.661793,0.385316,0.0619716,0.00833566,0.0177903,0.243753,0.910882,1.01695,0.311932,0.0360662,0.0158075,0.0721827,0.412649,0.624677,0.227388,0.0230617,0.0270218,0.211695,0.416817,0.731169,0.399473,0.057887,0.0178456,0.138221,0.690386,0.652794
90.650702948,0.524138,0.286311,0.165258,0.0213709,0.0667287,0.504873,0.776813,0.384883,0.0454116,0.00446379,0.0520799,0.548454,0.867436,0.849383,0.214881,0.020097,0.0321389,0.214751,0.436612,0.423178,0.123672,0.0320092,0.0438789,0.248805,0.432641,0.443273,0.24905,0.0305221,0.0222002,0.188939,0.488593,0.383621,0.0829109,0.012052,0.00774538,0.0857595,0.583348,1.11807,0.378197,0.0357857,0.00558859,0.0403158,0.144994,0.368945,0.459249,0.156647,0.0288165,0.0972059,0.377745,0.472052,0.337908,0.256405,0.0365091,0.0205756,0.262989,0.66698,0.389093,0.074617,0.0130896,0.0225198,0.247582,0.913112,1.00635,0.327459,0.0450452,0.0176339,0.0721827,0.416958,0.638907,0.235008,0.0242004,0.0282472,0.219708,0.429798,0.754137,0.417765,0.0638254,0.019685,0.139512,0.693241,0.664267
92.136780045,0.524031,0.287708,0.163665,0.0209847,0.0674499,0.479464,0.773898,0.390006,0.0442813,0.0043016,0.0519825,0.54751,0.854996,0.84182,0.215766,0.0185308,0.0317114,0.21471,0.438559,0.416055,0.12681,0.0313403,0.0421019,0.246063,0.426639,0.443278,0.256442,0.0337396,0.0221772,0.188687,0.473431,0.374817,0.0946088,0.014038,0.00798721,0.0871684,0.578174,1.11445,0.380818,0.0320179,0.00454474,0.0417835,0.143579,0.359786,0.47504,0.165106,0.0290007,0.0970853,0.375291,0.473546,0.354014,0.26198,0.0378475,0.020613,0.263931,0.662528,0.401981,0.0812892,0.0145297,0.0221074,0.246754,0.904221,1.02438,0.341947,0.0480622,0.0176327,0.0717114,0.425474,0.658816,0.239358,0.0234296,0.0279811,0.220039,0.431718,0.769628,0.427205,0.0623911,0.0132156,0.137182,0.69416,0.676481
93.622857143,0.478658,0.279318,0.163064,0.0213441,0.0692477,0.489605,0.772148,0.384623,0.0413241,0.0040016,0.0552779,0.524246,0.833846,0.823838,0.212695,0.0214275,0.0372818,0.225719,0.427437,0.385292,0.125053,0.0314724,0.0389741,0.222457,0.430323,0.415693,0.24671,0.0331501,0.0244409,0.196298,0.452596,0.374218,0.0924041,0.0141515,0.00853574,0.0888311,0.561058,1.06831,0.376192,0.0327331,0.00481157,0.0449544,0.147655,0.350329,0.464983,0.165485,0.0299698,0.0973491,0.353485,0.44333,0.336993,0.262652,0.0385934,0.0217239,0.26085,0.656774,0.396492,0.082753,0.0151267,0.0243632,0.231818,0.873411,1.00335,0.344068,0.0493786,0.0183588,0.0702552,0.424806,0.657053,0.25245,0.0255008,0.028335,0.206157,0.443752,0.760329,0.43055,0.0630504,0.0142099,0.134956,0.694437,0.68373
95.108934240,0.496898,0.295984,0.0988692,0.0213441,0.0696949,0.496108,0.795176,0.348526,0.0577201,0.00449204,0.0549763,0.522275,0.824917,0.702181,0.201932,0.0214836,0.0378876,0.239998,0.403171,0.390011,0.12502,0.0314724,0.0367027,0.206928,0.473796,0.368235,0.199355,0.0294745,0.0245223,0.194594,0.417112,0.39205,0.0984604,0.0144956,0.00874847,0.0891045,0.533158,0.902079,0.335136,0.0339536,0.0049137,0.0418757,0.128227,0.349806,0.35025,0.135402,0.03049,0.100589,0.315939,0.386578,0.324281,0.136876,0.0352751,0.0220127,0.261772,0.611026,0.345956,0.0870718,0.0165648,0.0234846,0.22187,0.844958,0.952069,0.308536,0.0502256,0.0180421,0.0690551,0.431732,0.643309,0.260061,0.0257618,0.0225799,0.174901,0.436631,0.743295,0.36752,0.0593936,0.0142099,0.130731,0.634973,0.679618
96.595011338,0.450283,0.266302,0.0797743,0.0200097,0.0837821,0.482641,0.765481,0.340099,0.0571995,0.00602973,0.0617747,0.343405,0.747577,0.6921,0.202731,0.0221963,0.0378876,0.147104,0.337921,0.4022,0.13484,0.0325653,0.036325,0.226188,0.439928,0.34071,0.184968,0.0302479,0.0249586,0.196685,0.511371,0.413352,0.0994714,0.0144366,0.0103085,0.0710012,0.583176,0.921043,0.347579,0.0360767,0.0049137,0.0413715,0.167848,0.417638,0.384076,0.145528,0.03049,0.11156,0.361187,0.423462,0.345614,0.129623,0.0372817,0.0160068,0.330382,0.689097,0.331943,0.0729683,0.0165648,0.0251517,0.20101,0.949034,0.941168,0.308601,0.0502256,0.0207864,0.0788172,0.422125,0.664262,0.287923,0.0359737,0.0221604,0.167001,0.446834,0.619136,0.334818,0.0591646,0.0146185,0.111471,0.671471,0.600136
98.081088435,0.494132,0.306525,0.0747555,0.0200097,0.0875147,0.486885,0.819623,0.341974,0.0558371,0.00575013,0.0570244,0.335002,0.864754,0.676648,0.181683,0.0214411,0.03052,0.149856,0.382142,0.479142,0.13504,0.0325498,0.0343274,0.237053,0.471745,0.331773,0.159387,0.0229633,0.0227639,0.190588,0.583556,0.431681,0.0997382,0.0144366,0.0103085,0.0746816,0.592768,0.894143,0.319228,0.0355709,0.00453794,0.0371804,0.194425,0.487521,0.378178,0.133213,0.0284773,0.0954679,0.343214,0.404789,0.313822,0.111929,0.0359736,0.0160068,0.345242,0.725915,0.317245,0.066388,0.0159234,0.023134,0.173961,0.989134,0.89453,0.231485,0.0419134,0.0207864,0.0770799,0.477955,0.686983,0.271425,0.0332129,0.0140966,0.15953,0.484984,0.578952,0.308736,0.0504991,0.0128417,0.103643,0.723001,0.654531
99.567165533,0.540114,0.329974,0.0772476,0.0192674,0.0875147,0.510248,0.918945,0.360018,0.0503302,0.00535869,0.0570244,0.327447,0.94461,0.701673,0.185222,0.0214035,0.03052,0.145639,0.403362,0.554194,0.129114,0.0308569,0.0317079,0.242515,0.506737,0.34254,0.16082,0.0229098,0.0227481,0.189904,0.636275,0.487485,0.1019,0.014511,0.0103085,0.0738427,0.607501,0.946767,0.320466,0.0358438,0.00453794,0.0334892,0.200074,0.569756,0.415496,0.132372,0.0284773,0.0954214,0.348888,0.411747,0.349645,0.115968,0.0337211,0.0160068,0.35562,0.818645,0.323084,0.0684927,0.0159234,0.022458,0.168379,1.02443,0.95963,0.227924,0.0419134,0.0189604,0.0706282,0.489216,0.772663,0.278785,0.0332129,0.0140592,0.151328,0.520382,0.607788,0.332471,0.0460393,0.0128417,0.0996651,0.774364,0.721277
101.053242630,0.566414,0.352488,0.0695034,0.011999,0.083419,0.508521,0.984558,0.353604,0.0441469,0.00535869,0.0563422,0.310314,1.00556,0.724953,0.175822,0.0214035,0.03052,0.132711,0.406966,0.646469,0.146506,0.0290354,0.0297088,0.231719,0.526007,0.358158,0.146061,0.0222394,0.0222244,0.179006,0.667478,0.566348,0.0987938,0.0112251,0.00500241,0.0483091,0.606294,1.05647,0.344063,0.033161,0.00425562,0.0328228,0.191608,0.664521,0.472514,0.136045,0.0260699,0.0884781,0.351167,0.436451,0.37173,0.114195,0.0318903,0.00650842,0.352304,0.944983,0.332457,0.0651225,0.0153387,0.020686,0.158972,1.07352,1.04281,0.22607,0.03941,0.0189604,0.0709342,0.503626,0.875946,0.306218,0.0329357,0.0140592,0.150483,0.528226,0.635126,0.337809,0.0458475,0.0117872,0.0967245,0.82281,0.745604
102.539319728,0.590015,0.35067,0.0575711,0.011999,0.11458,0.61126,1.00274,0.344829,0.0444723,0.00424132,0.0597261,0.414552,1.16769,0.684306,0.154367,0.0214237,0.0293643,0.155672,0.571901,0.6917,0.135791,0.0290354,0.0268941,0.237385,0.583872,0.395411,0.135894,0.0222394,0.022402,0.201164,0.794133,0.596737,0.0977926,0.0112251,0.00506301,0.0536595,0.711408,1.15735,0.300491,0.0230635,0.00425562,0.0321941,0.227497,0.757788,0.498429,0.112218,0.0157094,0.0724455,0.333045,0.495621,0.363711,0.108164,0.0183482,0.0126018,0.378271,1.00875,0.332751,0.0616774,0.0153387,0.0150435,0.151344,1.14129,1.05496,0.185738,0.0143317,0.0146812,0.0641169,0.541059,0.909874,0.292165,0.0300423,0.0158524,0.143733,0.536735,0.652888,0.3268,0.0378716,0.0117872,0.100137,0.848497,0.797062
104.025396825,0.640526,0.357018,0.0578872,0.00992006,0.185079,0.68589,1.03239,0.35243,0.0588352,0.00424132,0.0683918,0.570251,1.31375,0.705978,0.160735,0.0123352,0.0246029,0.16469,0.691228,0.80469,0.131908,0.0260638,0.023353,0.269836,0.656955,0.457611,0.141817,0.0217913,0.0144038,0.215076,0.838625,0.628361,0.115638,0.0205775,0.00506301,0.0416757,0.773255,1.21281,0.289875,0.0250433,0.00306943,0.023302,0.276956,0.916781,0.555452,0.107132,0.0111853,0.0569716,0.320126,0.511091,0.355434,0.106228,0.0161542,0.0110755,0.413677,1.05067,0.334679,0.0625723,0.0153387,0.00899375,0.112517,1.27043,1.08809,0.180218,0.0155351,0.00586812,0.0561009,0.621204,1.01258,0.289031,0.02745,0.0116516,0.13901,0.581546,0.730251,0.318604,0.0318333,0.00583253,0.0873963,0.974936,0.913078
105.511473923,0.656488,0.404186,0.0549688,0.00992006,0.183103,0.800286,1.29022,0.584208,0.0811187,0.00424132,0.0693259,0.535672,1.34487,0.747189,0.160735,0.0123352,0.0421124,0.178766,0.714674,0.922851,0.259301,0.0260638,0.0225037,0.258636,0.627657,0.441402,0.155378,0.0207196,0.0138468,0.253986,0.878067,0.68289,0.122126,0.0194635,0.00647821,0.0294495,0.777963,1.27189,0.461281,0.170543,0.00306943,0.0215626,0.266844,0.885942,0.546495,0.139571,0.0111853,0.0583183,0.354208,0.523041,0.377028,0.120977,0.0170388,0.128487,0.530336,1.05745,0.312905,0.0564283,0.0144152,0.00894051,0.108957,1.35444,1.16853,0.175593,0.0299738,0.0241687,0.101331,0.676564,1.01488,0.321679,0.0551594,0.0116397,0.213166,0.680997,0.77396,0.357467,0.0454742,0.00583253,0.128991,0.969117,0.886984
106.997551020,0.631847,0.336207,0.0244168,0.0114986,0.225854,0.869438,1.28173,0.602165,0.1035,0.00424132,0.0693259,0.542943,1.26982,0.629657,0.132178,0.0148888,0.0484195,0.203114,0.875765,1.00697,0.253761,0.0260638,0.01984,0.274357,0.589752,0.423256,0.124036,0.0207196,0.0138468,0.294927,0.906923,0.656701,0.11532,0.0194635,0.00647821,0.226254,1.08232,1.34443,0.428072,0.170543,0.00306943,0.0181227,0.345286,0.864595,0.487775,0.129018,0.0111853,0.0502763,0.430546,0.584876,0.314101,0.104983,0.0170388,0.128487,0.710605,1.2112,0.313703,0.0434612,0.0144152,0.00894051,0.0944715,1.27386,1.0162,0.129731,0.0299738,0.0241687,0.095785,0.684412,0.977384,0.307984,0.0551594,0.0116397,0.206366,0.663341,0.683455,0.299288,0.0454742,0.00583253,0.124531,0.994216,0.906948
108.483628118,0.675686,0.340084,0.023471,0.00575599,0.290828,1.00554,1.32662,0.545362,0.096458,0.0039831,0.0693259,0.542943,1.23837,0.38791,0.0508428,0.0261385,0.0799649,0.232469,0.976485,1.05112,0.251456,0.0174329,0.0202503,0.373212,0.671078,0.429405,0.125009,0.014652,0.0199122,0.297769,0.790933,0.492313,0.110575,0.0240479,0.0290614,0.277159,1.19929,1.27678,0.41824,0.253678,0.0220406,0.0229001,0.309864,0.81863,0.439865,0.116144,0.0209562,0.091351,0.421903,0.564315,0.356116,0.0774102,0.00951107,0.128487,0.705891,1.11262,0.421383,0.135958,0.0452036,0.00894051,0.0902018,1.18432,0.929558,0.108711,0.03763,0.0508108,0.150193,0.849101,1.25361,0.454743,0.0551594,0.00558841,0.186844,0.73003,0.814812,0.303526,0.0464578,0.0113184,0.103481,0.976185,0.959771
109.969705215,0.676385,0.381051,0.023471,0.00575599,0.266956,0.975412,1.38763,0.625791,0.100628,0.017268,0.0727278,0.481543,1.24369,0.473686,0.0924336,0.0274305,0.0759539,0.238464,1.0515,1.27844,0.410154,0.0152306,0.0126434,0.341206,0.653456,0.475772,0.210405,0.0586122,0.0182831,0.269666,0.796009,0.545932,0.110575,0.0380681,0.0590534,0.302717,1.1641,1.35376,0.60245,0.314087,0.0220406,0.0284386,0.326021,0.811616,0.471582,0.1803,0.043251,0.0915547,0.432186,0.515666,0.403622,0.132007,0.0201065,0.175144,0.718478,1.04047,0.410839,0.161711,0.0635473,0.0100743,0.0843631,1.00951,0.805241,0.0824691,0.03763,0.0586651,0.174068,0.854579,1.20313,0.43204,0.0808143,0.00520055,0.183738,0.679895,0.764789,0.311296,0.0554774,0.0276022,0.101018,0.805628,0.77291
111.455782313,0.6661,0.37763,0.023471,0.00497193,0.291168,1.03346,1.4054,0.625752,0.100628,0.0185815,0.0725543,0.535978,1.32687,0.506413,0.0921336,0.02285,0.0807938,0.24225,1.1657,1.4111,0.426053,0.0131792,0.019284,0.346452,0.621001,0.509353,0.244604,0.0576832,0.0273173,0.348013,0.84645,0.532432,0.110387,0.037889,0.0571524,0.335314,1.3006,1.43742,0.60163,0.311896,0.0242267,0.0324678,0.338582,0.817886,0.470962,0.179594,0.0428175,0.124675,0.458547,0.503244,0.395231,0.130253,0.0195705,0.197542,0.859519,1.16818,0.428464,0.154755,0.0635473,0.0102499,0.164466,1.15165,0.84398,0.0878509,0.0377213,0.0586651,0.173143,0.887453,1.24462,0.415953,0.0808143,0.00520055,0.183151,0.652666,0.735163,0.303667,0.0554774,0.0255166,0.159529,0.928966,0.820893
112.941859410,0.650886,0.368346,0.0235167,0.00472833,0.284733,1.05206,1.54598,0.651458,0.118087,0.0185815,0.0715342,0.523968,1.36095,0.580812,0.132618,0.0335488,0.0765031,0.242975,1.18045,1.50782,0.476867,0.0422986,0.0224224,0.34778,0.661358,0.501581,0.247284,0.0580277,0.0279155,0.353875,0.902995,0.591138,0.113388,0.0400434,0.0610147,0.340259,1.35173,1.63876,0.636753,0.327731,0.0277317,0.0324438,0.346908,0.87447,0.54842,0.21754,0.0584489,0.1258,0.468855,0.51324,0.408629,0.143224,0.0188719,0.197335,0.875141,1.23379,0.451572,0.176624,0.0633909,0.0100985,0.169975,1.19996,0.911897,0.142023,0.0467303,0.058658,0.176469,0.880965,1.287,0.456033,0.0912153,0.00602842,0.188315,0.658492,0.713276,0.315104,0.0607378,0.0255166,0.160581,0.951685,0.831669
114.427936508,0.692799,0.446664,0.0235167,0.0121063,0.353381,1.30948,1.77065,0.694007,0.118087,0.0175562,0.0919712,0.648247,1.58114,0.684229,0.130976,0.0335219,0.0753083,0.250583,1.2943,1.63423,0.491017,0.0422731,0.0170017,0.334122,0.65557,0.54184,0.250355,0.0600731,0.0494009,0.411187,1.13359,0.872992,0.164601,0.0360758,0.0672453,0.373649,1.40993,1.91266,0.744384,0.342379,0.0266302,0.02597,0.346394,1.01284,0.64622,0.208235,0.0580453,0.159002,0.469417,0.508054,0.473668,0.160676,0.0179166,0.208847,0.940532,1.47139,0.532613,0.163979,0.0612409,0.0375328,0.262037,1.28212,0.962501,0.137406,0.0377513,0.0629915,0.200761,0.931644,1.40849,0.448413,0.0900766,0.00534227,0.184809,0.741051,0.746038,0.296812,0.0547994,0.0264249,0.183875,0.986556,0.911585
115.914013605,0.683799,0.439834,0.023261,0.0119525,0.354699,1.31564,1.96279,0.900095,0.154458,0.0166709,0.0919304,0.653932,1.77662,0.946286,0.21333,0.0380275,0.0752686,0.249799,1.43184,1.83237,0.522929,0.0420243,0.0167199,0.367124,0.797208,0.656865,0.241377,0.0568318,0.0494009,0.411118,1.24851,1.12473,0.313073,0.0360872,0.0669817,0.398687,1.67455,2.20831,0.847978,0.412866,0.0320014,0.0241776,0.437654,1.30221,0.788526,0.198358,0.0569843,0.158991,0.467652,0.543056,0.508256,0.154578,0.0165692,0.260111,1.13639,1.69358,0.749167,0.293186,0.0587265,0.0375328,0.461908,1.84461,1.32611,0.163479,0.0347137,0.0629861,0.200662,1.06912,1.77681,0.642103,0.101999,0.00531667,0.184327,0.737673,0.729517,0.286812,0.0535079,0.0264249,0.233213,1.25337,1.11096
117.400090703,0.788442,0.431159,0.027396,0.0821247,0.528322,1.59481,2.05825,0.898276,0.154458,0.0166266,0.0886349,0.669301,1.79884,0.951772,0.227518,0.0409211,0.204788,0.564517,1.58319,1.83393,0.568834,0.0483318,0.0212688,0.437896,0.863003,0.65786,0.241218,0.0565539,0.0649697,0.587,1.54586,1.21229,0.32129,0.039291,0.11636,0.497956,1.77047,2.27787,0.84914,0.412151,0.0326893,0.0445155,0.687023,1.57368,0.798231,0.197979,0.0560152,0.157701,0.502467,0.575333,0.511267,0.153227,0.0166852,0.262403,1.17062,1.78216,0.795786,0.32775,0.0610592,0.0518014,0.641505,2.09693,1.33721,0.161217,0.0333973,0.0633212,0.221565,1.10944,1.83271,0.674136,0.103632,0.00497959,0.181829,0.813381,0.866801,0.348907,0.0528486,0.0256705,0.233272,1.24756,1.13028
118.886167800,1.03131,0.698939,0.0796738,0.0821247,0.67645,1.82169,2.08938,0.870586,0.138719,0.0315476,0.161148,0.845997,1.99221,1.00968,0.216002,0.040865,0.204182,0.696705,1.99096,2.03594,0.575193,0.0483318,0.020911,0.440576,0.808844,0.685855,0.280274,0.10204,0.100639,0.7035,1.75791,1.23086,0.31128,0.0389469,0.117742,0.508469,1.87187,2.35808,0.861473,0.419899,0.0337431,0.0442625,0.806533,1.74514,0.840826,0.24933,0.0955032,0.171432,0.5792,0.753967,0.623958,0.182957,0.0522881,0.280408,1.38528,2.11678,0.902273,0.323357,0.0640146,0.0845428,0.660682,2.1862,1.40828,0.194332,0.0718046,0.0678151,0.220607,1.2399,2.09952,0.772082,0.10684,0.0216915,0.333486,1.07739,0.97605,0.345816,0.104061,0.080177,0.249273,1.28032,1.15784
120.372244898,1.01022,0.701124,0.0787411,0.0812876,0.665663,1.77746,2.16493,0.947901,0.138719,0.03001,0.154349,0.816074,2.09924,1.15564,0.289364,0.041024,0.208506,0.68394,1.97283,2.02724,0.576789,0.0472041,0.0233898,0.405001,0.900363,0.758801,0.303036,0.102533,0.100203,0.6566,1.71539,1.34236,0.330341,0.0388073,0.116182,0.506182,1.80997,2.5335,1.05561,0.510093,0.0352747,0.0442625,0.811626,1.79716,0.982931,0.277741,0.0955032,0.151174,0.525567,0.706733,0.605146,0.183824,0.0502815,0.303056,1.40803,2.19644,1.02949,0.355907,0.0640146,0.0828757,0.711775,2.24062,1.45457,0.177352,0.0718046,0.0650709,0.208892,1.24981,2.24659,0.992965,0.142758,0.0216915,0.289519,1.04016,1.01319,0.339238,0.10326,0.0797684,0.299573,1.2715,1.18166
121.858321995,0.973464,0.709516,0.0795132,0.0849685,0.691034,1.90563,2.13359,0.945401,0.140238,0.0336648,0.153222,0.787087,1.95143,1.14021,0.305554,0.0465634,0.214523,0.713866,2.04325,1.98478,0.570006,0.0518067,0.0314301,0.416469,0.877153,0.728587,0.321774,0.110934,0.109414,0.695709,1.69033,1.31993,0.328099,0.0388674,0.117051,0.565308,1.86672,2.52071,1.06123,0.510361,0.0360997,0.0512638,0.8175,1.75548,0.986139,0.284756,0.0955032,0.151174,0.513825,0.702763,0.606879,0.185366,0.0502815,0.31398,1.44171,2.343,1.19875,0.369924,0.0645576,0.100856,0.74005,2.15886,1.39222,0.181476,0.0756139,0.0741806,0.228316,1.21341,2.29507,1.07732,0.142758,0.0216915,0.339919,1.18137,1.00315,0.321052,0.10765,0.0855916,0.301051,1.19683,1.05688
123.344399093,0.922795,0.719641,0.168406,0.093582,0.697224,1.89399,2.10677,1.03104,0.207844,0.0336648,0.153222,0.787841,1.83427,1.12253,0.383938,0.0467681,0.214523,0.711156,2.01162,1.94612,0.658351,0.0809547,0.0429145,0.409929,0.837524,0.740826,0.323151,0.111895,0.117844,0.7048,1.62005,1.33955,0.370121,0.0387929,0.117783,0.567202,1.83785,2.44741,1.13684,0.527501,0.0360997,0.0512638,0.799986,1.67644,1.01955,0.294804,0.102098,0.172515,0.511134,0.680869,0.589908,0.205855,0.0515457,0.315529,1.42382,2.2569,1.22397,0.368081,0.0645576,0.102799,0.744376,2.11053,1.31592,0.18347,0.0937253,0.081746,0.227716,1.20156,2.23211,1.10593,0.149715,0.0260115,0.341347,1.16479,0.972255,0.288071,0.113912,0.104463,0.310744,1.12821,0.996157
124.830476190,0.936176,0.690562,0.16829,0.093582,0.756414,2.11991,2.206,1.0552,0.207373,0.0336648,0.176243,0.866041,2.1393,1.30156,0.386915,0.0467681,0.214523,0.710829,2.23452,2.04657,0.700886,0.0809547,0.102261,0.523804,0.852717,0.699347,0.318871,0.111895,0.146013,0.743685,1.63887,1.29422,0.364528,0.0387929,0.117783,0.566795,2.1171,2.9521,1.32055,0.525791,0.0360997,0.0512638,0.795876,1.72355,1.18225,0.28999,0.103248,0.185592,0.494379,0.686274,0.638797,0.203402,0.0515457,0.350871,1.46135,2.20183,1.24876,0.365289,0.0645576,0.110145,0.758254,2.33444,1.55832,0.196875,0.0937253,0.081746,0.2272,1.33378,2.50384,1.26595,0.149715,0.0264633,0.340429,1.1759,0.950718,0.270413,0.109711,0.113556,0.313152,1.13728,1.05537
126.316553288,0.876157,0.683424,0.193317,0.135031,0.724626,1.98309,2.15103,1.05298,0.215486,0.0995854,0.346081,0.917271,1.95856,1.27679,0.386142,0.0479814,0.227041,0.695928,2.04663,1.97609,0.702723,0.0997195,0.105306,0.671097,0.898651,0.667254,0.314574,0.119833,0.191352,0.829844,1.75343,1.32114,0.364528,0.0387929,0.117723,0.563245,2.19287,2.95488,1.31531,0.525791,0.112309,0.18077,0.819443,1.74393,1.13662,0.28999,0.110468,0.25119,0.546439,0.612739,0.632745,0.202865,0.0515457,0.344488,1.88504,2.65768,1.33597,0.365004,0.0645576,0.110145,0.786069,2.61282,1.76972,0.193392,0.0935736,0.081734,0.226237,1.35822,2.67361,1.2924,0.152855,0.0725425,0.481185,1.3288,0.898124,0.28936,0.135753,0.113556,0.294265,1.28097,1.15823
127.802630385,0.806744,0.66724,0.19011,0.135031,0.647013,1.9022,2.11264,1.05095,0.207198,0.100579,0.305971,0.724672,1.7633,1.24053,0.378579,0.0472425,0.227041,0.682952,1.91933,1.83817,0.707375,0.100658,0.105306,0.625568,0.810172,0.600443,0.302961,0.132334,0.195592,0.805616,1.70517,1.3799,0.487821,0.102931,0.172946,0.617217,2.11934,2.93159,1.38278,0.549582,0.124795,0.224525,0.825888,1.5951,1.06428,0.28902,0.110369,0.251375,0.54855,0.571318,0.630108,0.20255,0.0514923,0.344488,1.8293,2.59773,1.32469,0.363612,0.0645576,0.110145,0.782602,2.43786,1.71313,0.192058,0.0923702,0.081734,0.223826,1.26844,2.54474,1.29046,0.152855,0.0725991,0.47711,1.26773,0.808654,0.284676,0.136101,0.117831,0.306894,1.20185,1.06468
129.288707483,0.742464,0.583247,0.195634,0.145689,0.647589,1.75969,1.82556,0.848598,0.187756,0.101088,0.303512,0.732518,1.76656,1.29421,0.386852,0.0498106,0.209124,0.647412,1.95347,1.8052,0.583931,0.100658,0.105306,0.620529,0.797118,0.592686,0.283596,0.136304,0.195976,0.75578,1.65385,1.35259,0.472258,0.10094,0.171531,0.618922,2.11033,2.84303,1.211,0.430157,0.150363,0.226492,0.829966,1.61588,1.08101,0.270289,0.119817,0.24751,0.525294,0.589351,0.629839,0.179941,0.0502891,0.225249,1.71169,2.59554,1.33653,0.363612,0.0645576,0.110145,0.79567,2.35922,1.62531,0.19381,0.0779315,0.0634334,0.1782,1.20344,2.53972,1.2506,0.124976,0.0725991,0.399987,1.18016,0.763928,0.2431,0.134869,0.117831,0.264804,1.24541,1.2365
130.774784580,0.737035,0.577464,0.196195,0.163363,0.648458,1.72936,1.77932,0.765956,0.196003,0.121254,0.307839,0.746936,1.74052,1.29195,0.381698,0.0513032,0.207015,0.620481,1.75713,1.66395,0.599317,0.146496,0.243304,0.638521,0.759996,0.542682,0.275356,0.147422,0.255618,0.735286,1.60395,1.35323,0.472527,0.102723,0.177927,0.423463,1.71026,2.61305,1.23172,0.548293,0.162506,0.227025,0.736445,1.55738,1.09904,0.321704,0.133333,0.248958,0.409493,0.504019,0.637032,0.181193,0.0674752,0.227126,1.50724,2.32634,1.2639,0.365718,0.0961277,0.113053,0.788053,2.30667,1.61996,0.196179,0.0885962,0.0699295,0.178406,1.13372,2.51346,1.25316,0.125133,0.0743314,0.400783,1.14828,0.753243,0.246605,0.134869,0.117831,0.265126,1.17702,1.18687
132.260861678,0.637656,0.58132,0.252373,0.274292,0.588227,1.52866,1.53445,0.714159,0.292599,0.127867,0.30833,0.747007,1.66702,1.29124,0.415265,0.0405151,0.17547,0.593384,1.6402,1.54356,0.557028,0.141033,0.250615,0.528558,0.65996,0.547924,0.304691,0.376489,0.272331,0.723237,1.59589,1.34265,0.460021,0.12322,0.181921,0.372955,1.56666,2.51088,1.12755,0.479297,0.179974,0.260247,0.751475,1.66045,1.3072,0.309008,0.127554,0.20283,0.359233,0.45974,0.586874,0.196939,0.171237,0.339797,1.47826,2.30892,1.14759,0.314523,0.104852,0.113776,0.795651,2.28245,1.57707,0.199766,0.0810308,0.0432874,0.128318,1.00138,2.23701,1.47303,0.330165,0.0812329,0.40409,1.09016,0.603755,0.217689,0.128051,0.112393,0.265126,1.1228,1.08266
133.746938776,0.636281,0.578982,0.3087,0.327466,0.608855,1.48515,1.41137,0.636918,0.292194,0.115396,0.303293,0.746867,1.60425,1.20277,0.549068,0.133723,0.185401,0.575038,1.54005,1.35687,0.444616,0.14934,0.256936,0.539909,0.676385,0.512089,0.219295,0.365585,0.354094,0.767223,1.53493,1.30255,0.470941,0.124907,0.161366,0.357785,1.55409,2.364,0.92892,0.4211,0.187634,0.267767,0.748044,1.65687,1.25623,0.322292,0.12142,0.213451,0.35687,0.46309,0.5538,0.14252,0.165548,0.303596,1.40986,2.23935,1.12567,0.28877,0.0827024,0.129552,0.92555,2.37313,1.53153,0.204168,0.0896664,0.0366388,0.0777563,0.936809,2.16254,1.41607,0.296051,0.0881824,0.429895,1.05787,0.572162,0.189411,0.111114,0.0961088,0.237882,1.09963,1.08676
135.233015873,0.636396,0.579159,0.308752,0.326946,0.585536,1.42317,1.38597,0.636918,0.323795,0.283239,0.520243,0.732231,1.5128,1.17425,0.550752,0.134075,0.187515,0.601328,1.43504,1.21436,0.429002,0.168264,0.258274,0.532868,0.669884,0.477909,0.188087,0.367325,0.34593,0.689221,1.47081,1.2972,0.48063,0.144166,0.179721,0.332564,1.41626,2.31071,0.970678,0.438728,0.193221,0.263738,0.734603,1.63678,1.25134,0.323046,0.123374,0.189119,0.343738,0.458619,0.569315,0.17215,0.20796,0.311154,1.30146,2.17904,1.12602,0.293372,0.0858954,0.130058,0.846219,2.21016,1.45343,0.197515,0.100152,0.0552999,0.0993697,0.907228,2.17436,1.48544,0.336513,0.12474,0.487905,1.09457,0.578832,0.189441,0.111126,0.0964757,0.180788,0.966902,1.01928
136.719092971,0.621507,0.580702,0.312046,0.329299,0.581977,1.37716,1.23217,0.610062,0.306663,0.285876,0.522637,0.721001,1.43834,1.10027,0.512379,0.123743,0.187515,0.585662,1.40282,1.11371,0.377385,0.139297,0.255372,0.525184,0.621845,0.55365,0.304788,0.377356,0.349089,0.720402,1.50199,1.24429,0.477389,0.143696,0.181337,0.327738,1.36109,2.11207,0.955862,0.424036,0.189182,0.263738,0.724549,1.57764,1.17346,0.284874,0.107515,0.187673,0.33226,0.449447,0.56227,0.158463,0.20796,0.311154,1.28544,2.11074,1.10245,0.271433,0.0848275,0.130058,0.840006,2.15824,1.38351,0.14287,0.0911429,0.0553727,0.096447,0.903859,2.11831,1.44501,0.325807,0.123903,0.482738,1.08633,0.575773,0.170514,0.105743,0.0968797,0.180291,0.905944,0.97849
138.205170068,0.54788,0.490355,0.312046,0.320702,0.500891,1.10006,1.05567,0.578003,0.306663,0.285876,0.495145,0.588026,1.21965,1.06802,0.535666,0.123743,0.187515,0.568024,1.28328,0.993369,0.404153,0.151835,0.256342,0.526016,0.622331,0.51219,0.302105,0.37534,0.324515,0.659627,1.26999,0.964036,0.434007,0.147004,0.174756,0.293349,1.3005,1.8432,0.850353,0.409026,0.18936,0.259463,0.720373,1.4408,1.10956,0.294448,0.103404,0.153428,0.331023,0.450033,0.491255,0.134411,0.207885,0.298757,1.21855,1.87107,1.02568,0.27368,0.0821423,0.0978422,0.744767,2.07024,1.3775,0.17118,0.0982695,0.0492128,0.0721553,0.850209,1.9858,1.46614,0.354279,0.130086,0.478368,0.991081,0.520902,0.170722,0.105743,0.094132,0.156635,0.869604,0.887819
139.691247166,0.557937,0.496415,0.314902,0.320702,0.50015,1.0972,0.878023,0.370819,0.268775,0.285876,0.495183,0.600715,1.05015,0.817204,0.449019,0.118161,0.187882,0.573734,1.18507,0.821973,0.371029,0.153734,0.256526,0.49942,0.484933,0.392586,0.304228,0.37534,0.324515,0.659951,1.16759,0.706161,0.284575,0.144686,0.174893,0.267916,1.04184,1.5627,0.742125,0.338587,0.184363,0.259614,0.631052,1.14803,0.961858,0.295415,0.103489,0.153789,0.333987,0.408444,0.437106,0.136798,0.207917,0.24821,1.02523,1.66324,0.796556,0.137303,0.0821423,0.0978774,0.546857,1.51833,1.00756,0.132599,0.0986186,0.0492128,0.0721553,0.703844,1.61486,1.2667,0.343029,0.13037,0.481153,0.99546,0.520902,0.184554,0.107709,0.0944076,0.107742,0.610237,0.676816
141.177324263,0.452321,0.516765,0.309832,0.250216,0.325172,0.834924,0.771057,0.380986,0.268775,0.285921,0.496552,0.573082,1.0646,0.813486,0.436056,0.112371,0.0528676,0.24887,1.02665,0.821241,0.323758,0.14737,0.249885,0.427391,0.417143,0.400534,0.308867,0.37534,0.306688,0.474605,0.866614,0.619724,0.27899,0.141982,0.125938,0.167043,0.987302,1.51406,0.748001,0.338746,0.183408,0.249376,0.397989,0.880461,0.958869,0.295778,0.103489,0.155892,0.304509,0.378123,0.437655,0.144343,0.207243,0.249957,0.999085,1.60267,0.765136,0.103161,0.0792292,0.0815127,0.384681,1.29236,1.01787,0.135757,0.0987799,0.0476344,0.0553357,0.690271,1.56668,1.22093,0.339661,0.130303,0.490666,0.914206,0.403773,0.161098,0.107709,0.0941677,0.106009,0.618591,0.656944
142.663401361,0.195437,0.223053,0.252488,0.250216,0.176548,0.596537,0.714726,0.386983,0.268434,0.270525,0.42444,0.417581,0.866206,0.800402,0.437192,0.112371,0.0528676,0.101447,0.629956,0.615971,0.312453,0.14737,0.2511,0.421885,0.414857,0.379527,0.267773,0.330008,0.270937,0.363074,0.647106,0.555299,0.285034,0.142239,0.124344,0.155711,0.896283,1.48709,0.744628,0.329777,0.182252,0.249376,0.27813,0.722182,0.904624,0.230754,0.0634803,0.133931,0.204496,0.212508,0.312591,0.11295,0.171603,0.231681,0.783104,1.28272,0.667598,0.103344,0.0748357,0.0486871,0.368531,1.19748,0.950849,0.105855,0.0595257,0.0431787,0.057231,0.548546,1.28678,1.11524,0.336192,0.112975,0.331647,0.634765,0.304259,0.168619,0.056401,0.0396612,0.0915695,0.583547,0.6249
144.149478458,0.258816,0.22923,0.256134,0.250216,0.167736,0.581953,0.661815,0.336827,0.268519,0.270525,0.426637,0.417665,0.793754,0.684401,0.358702,0.111282,0.0487633,0.175425,0.763035,0.593968,0.302238,0.14737,0.252281,0.427648,0.315419,0.266092,0.244129,0.328741,0.270937,0.364877,0.590017,0.427979,0.257903,0.142239,0.124344,0.158178,0.873931,1.30437,0.534268,0.236912,0.18072,0.253631,0.252565,0.575395,0.730044,0.19337,0.0634803,0.135044,0.181296,0.20503,0.300078,0.114591,0.171944,0.209034,0.686212,1.12958,0.520636,0.0707942,0.0748357,0.04902,0.316018,1.08725,0.903702,0.11119,0.0595257,0.0431787,0.057231,0.499247,1.10816,0.874067,0.290062,0.113305,0.342436,0.644573,0.267643,0.17008,0.0616902,0.0396612,0.0422834,0.494197,0.585957
145.635555556,0.215057,0.180525,0.260686,0.246535,0.138737,0.431025,0.621897,0.338016,0.267641,0.26687,0.426637,0.423665,0.79381,0.674829,0.347439,0.107553,0.0427466,0.135897,0.646711,0.56021,0.300074,0.142875,0.24424,0.402203,0.309638,0.306777,0.235569,0.32034,0.261726,0.321857,0.563389,0.437134,0.296312,0.142178,0.123475,0.0966392,0.780727,1.32913,0.537158,0.236644,0.179895,0.24663,0.224537,0.583443,0.783232,0.18827,0.0634803,0.135044,0.206125,0.224403,0.308265,0.145738,0.171944,0.19811,0.624486,0.99095,0.500871,0.0605145,0.0742927,0.0310396,0.293861,1.12237,0.940638,0.131411,0.0557164,0.034069,0.0531766,0.618689,1.05241,0.77999,0.290062,0.113305,0.330511,0.438648,0.300847,0.301846,0.0573003,0.033838,0.0549218,0.542184,0.606786
147.121632653,0.246404,0.153163,0.162618,0.23816,0.132602,0.462814,0.565946,0.226017,0.200103,0.266891,0.432453,0.455066,0.839173,0.669499,0.265152,0.107665,0.0428171,0.146168,0.679423,0.534582,0.219877,0.113755,0.240805,0.401216,0.325236,0.295585,0.231341,0.320453,0.253296,0.330334,0.570872,0.352209,0.249112,0.142197,0.122742,0.0952716,0.816473,1.33177,0.458696,0.219753,0.179895,0.247635,0.22503,0.590381,0.701072,0.176169,0.0568856,0.114695,0.220139,0.230261,0.285031,0.116103,0.170679,0.19656,0.644939,1.01949,0.479471,0.0607915,0.0746026,0.0290966,0.291751,1.11098,0.970536,0.143322,0.0377991,0.0265036,0.0569123,0.624321,1.018,0.740605,0.283105,0.108985,0.332122,0.444835,0.341486,0.321161,0.0512909,0.0149665,0.0502688,0.552139,0.605127
148.607709751,0.218381,0.152107,0.167296,0.238352,0.0736181,0.21699,0.377618,0.210309,0.200155,0.267536,0.412363,0.377307,0.449874,0.436238,0.267574,0.107819,0.0435851,0.156455,0.442114,0.33793,0.159337,0.121108,0.184264,0.288883,0.272589,0.296666,0.233698,0.320784,0.225503,0.288314,0.510424,0.33035,0.263755,0.142197,0.122879,0.0980033,0.491107,0.679298,0.241773,0.220468,0.180596,0.248363,0.226734,0.420358,0.475657,0.177582,0.0565073,0.102378,0.218536,0.197006,0.20378,0.113226,0.171803,0.162141,0.604549,0.951464,0.432858,0.0611615,0.0754075,0.0222187,0.282599,0.836737,0.636046,0.131954,0.0399836,0.0275336,0.057141,0.471062,0.661763,0.574263,0.28327,0.109253,0.335462,0.422705,0.335114,0.343104,0.0678635,0.00632259,0.0495294,0.510189,0.521098
150.093786848,0.226063,0.170437,0.147144,0.196998,0.0747135,0.220218,0.388235,0.213435,0.191813,0.201622,0.239569,0.218046,0.425379,0.4491,0.26846,0.106585,0.0296561,0.144506,0.458564,0.373939,0.180213,0.102348,0.180005,0.121892,0.141812,0.269497,0.23424,0.312993,0.179986,0.168885,0.269284,0.273749,0.275472,0.142197,0.123311,0.093535,0.279756,0.531751,0.252572,0.221801,0.10445,0.117536,0.193827,0.311589,0.496189,0.179207,0.0493643,0.0362849,0.157574,0.205477,0.210939,0.126075,0.171832,0.17447,0.142139,0.39457,0.346984,0.066968,0.0754075,0.0222775,0.224312,0.433783,0.362592,0.136876,0.0400338,0.0275343,0.0573156,0.395414,0.41202,0.537543,0.280212,0.0614469,0.188799,0.223701,0.343546,0.368892,0.0580704,0.00632875,0.0569903,0.281089,0.331715
151.579863946,0.231794,0.172781,0.148908,0.196998,0.0806975,0.253421,0.420695,0.214511,0.185297,0.200629,0.239569,0.244167,0.494742,0.477141,0.273773,0.106585,0.0296561,0.146568,0.481023,0.387141,0.174529,0.101011,0.182869,0.126409,0.160186,0.278014,0.233359,0.300492,0.176056,0.178857,0.282026,0.217352,0.133199,0.0685921,0.0680877,0.0443567,0.276868,0.50005,0.196028,0.19603,0.0919637,0.0755686,0.139018,0.321607,0.499514,0.179352,0.0493643,0.0393171,0.167472,0.210369,0.213863,0.126478,0.171832,0.175074,0.158139,0.443671,0.356811,0.066968,0.0754075,0.0222775,0.228062,0.455323,0.406843,0.138585,0.0400338,0.0275343,0.0576227,0.404395,0.416752,0.540839,0.280212,0.0613904,0.189922,0.229619,0.353941,0.370053,0.0577218,0.00205447,0.0472558,0.237821,0.334436
153.065941043,0.251921,0.184827,0.147166,0.190235,0.0868867,0.277141,0.494573,0.243992,0.18394,0.200119,0.238889,0.273071,0.478023,0.380445,0.268106,0.104017,0.0293704,0.158087,0.496666,0.393087,0.175091,0.101011,0.184296,0.1419,0.180453,0.298614,0.244449,0.296553,0.175672,0.202285,0.329111,0.217063,0.126706,0.0685921,0.0680877,0.0445848,0.314873,0.551519,0.203961,0.169793,0.0663953,0.0727875,0.158567,0.33182,0.504564,0.174348,0.039916,0.0516271,0.168319,0.191764,0.186404,0.133215,0.176993,0.178578,0.233061,0.522419,0.376204,0.066968,0.0754075,0.0222775,0.230901,0.509936,0.490204,0.168039,0.0400338,0.0275343,0.0576227,0.434726,0.429593,0.55524,0.280212,0.0624111,0.194868,0.231036,0.36993,0.379159,0.0555001,0.00205447,0.0486237,0.194067,0.163466
154.552018141,0.279032,0.18626,0.146984,0.197002,0.0920068,0.265945,0.493399,0.246756,0.143986,0.179953,0.259533,0.343853,0.493622,0.38048,0.274065,0.109402,0.0254122,0.169224,0.531749,0.416726,0.160113,0.0608261,0.0594655,0.119139,0.196787,0.3018,0.247284,0.285435,0.11645,0.226754,0.402489,0.288126,0.126819,0.0668092,0.0616916,0.0432395,0.361486,0.651822,0.278398,0.0516571,0.0629068,0.0883178,0.215296,0.396884,0.529643,0.138795,0.0264007,0.102889,0.210338,0.249744,0.261848,0.137042,0.162701,0.204338,0.255352,0.551256,0.451985,0.0795565,0.0539608,0.0744902,0.296538,0.576922,0.505505,0.185457,0.0335143,0.0210383,0.0585493,0.490977,0.553582,0.571997,0.29205,0.0706749,0.206697,0.254123,0.457169,0.418588,0.0556733,0.00205447,0.099929,0.317896,0.241603
156.038095238,0.283386,0.169309,0.0908953,0.0891592,0.0868644,0.270584,0.493505,0.2052,0.0518239,0.173897,0.261438,0.343822,0.49528,0.379704,0.254501,0.116617,0.0254122,0.170488,0.533751,0.401501,0.149804,0.0723106,0.0541628,0.118114,0.197195,0.30176,0.237841,0.0483826,0.0903493,0.225045,0.403237,0.297426,0.154892,0.0520699,0.0374039,0.0428419,0.362121,0.65971,0.283559,0.0410297,0.0264679,0.0508153,0.204887,0.276657,0.285652,0.148476,0.0224085,0.101711,0.214866,0.262861,0.220036,0.115565,0.060746,0.0916671,0.245775,0.561758,0.416409,0.0386652,0.0144478,0.0740705,0.288966,0.582721,0.525537,0.190348,0.0334235,0.0210383,0.0593102,0.457709,0.524001,0.193574,0.0883405,0.0637734,0.20086,0.230554,0.461242,0.427529,0.0570725,0.0022949,0.109137,0.321046,0.236763
157.524172336,0.285767,0.148373,0.0374375,0.0362031,0.0716199,0.282249,0.515096,0.207551,0.0487504,0.173082,0.261438,0.363078,0.524156,0.377785,0.079466,0.0221269,0.0115795,0.179226,0.55203,0.359647,0.104346,0.0634628,0.0480849,0.110923,0.199266,0.305212,0.241134,0.0154673,0.00852208,0.179858,0.40108,0.284889,0.146949,0.0368093,0.0280703,0.0308373,0.352174,0.655112,0.272692,0.0296996,0.0189504,0.0377567,0.194454,0.276399,0.271131,0.057226,0.00306106,0.0908916,0.207447,0.240208,0.193575,0.110149,0.0548561,0.0811122,0.239175,0.562479,0.417572,0.0386678,0.01512,0.057379,0.159401,0.468863,0.514932,0.185445,0.0248274,0.0198371,0.0543855,0.436191,0.528319,0.187545,0.0837863,0.0557059,0.162118,0.208528,0.46181,0.42235,0.0565451,0.0022949,0.111573,0.344051,0.273642
159.010249433,0.29481,0.150309,0.0373852,0.0374633,0.0787211,0.297123,0.519602,0.208376,0.0171521,0.00518745,0.051486,0.32688,0.523635,0.374654,0.0777969,0.0223357,0.00948579,0.150876,0.546237,0.360366,0.105572,0.0448635,0.0411463,0.119597,0.202391,0.304933,0.239068,0.0137019,0.00680543,0.183007,0.400061,0.284318,0.141537,0.0265821,0.0123112,0.0240944,0.349752,0.621261,0.231907,0.0151225,0.0111356,0.0382912,0.196894,0.280583,0.273482,0.0649695,0.00564053,0.082658,0.181639,0.242019,0.188972,0.0985138,0.014662,0.0522297,0.205735,0.4857,0.391941,0.0490611,0.0204027,0.0582827,0.160246,0.479299,0.527769,0.199673,0.0225366,0.00320574,0.0334742,0.419007,0.476452,0.133239,0.0462101,0.0213166,0.116705,0.180994,0.47446,0.443523,0.066392,0.00284785,0.113507,0.34852,0.295317
160.496326531,0.311623,0.153949,0.0323014,0.0352618,0.0933002,0.301703,0.516688,0.211582,0.0179733,0.00355607,0.0506144,0.333181,0.524946,0.378309,0.0769044,0.0221968,0.00976027,0.154874,0.551807,0.36436,0.106823,0.0465475,0.045656,0.125559,0.193182,0.229144,0.12079,0.00330127,0.00664802,0.141713,0.308735,0.279291,0.146985,0.0274966,0.00964208,0.0248607,0.351698,0.622306,0.214287,0.016364,0.0118471,0.0435935,0.197154,0.281156,0.279935,0.0722824,0.00606142,0.0829096,0.183325,0.247461,0.18757,0.101087,0.0171821,0.052448,0.206728,0.486699,0.399156,0.0551953,0.022112,0.0582827,0.161467,0.479506,0.535026,0.202809,0.0225672,0.00366676,0.0331447,0.421411,0.480246,0.137229,0.0463749,0.0213186,0.117774,0.18417,0.473985,0.446186,0.0669631,0.00334814,0.111729,0.349541,0.297869
161.982403628,0.32284,0.165917,0.0333015,0.0353679,0.0963451,0.316579,0.491749,0.196918,0.0179733,0.00355607,0.0537756,0.342291,0.524059,0.299249,0.0550002,0.0264329,0.0166649,0.168275,0.556644,0.348562,0.0666391,0.0342019,0.0467373,0.13684,0.20173,0.231646,0.121244,0.00398317,0.00964627,0.148942,0.310109,0.273358,0.136375,0.0250739,0.00982279,0.0289733,0.352436,0.614811,0.212971,0.0160968,0.0125443,0.0483758,0.200827,0.278333,0.245869,0.0626856,0.00639742,0.083131,0.183123,0.247384,0.190259,0.105559,0.0185077,0.0534588,0.207774,0.488786,0.395865,0.0530677,0.0229803,0.0618538,0.164069,0.476608,0.491341,0.171927,0.0193297,0.00512983,0.0331447,0.430338,0.49181,0.131939,0.0184908,0.0154436,0.119851,0.19367,0.499515,0.452522,0.0688809,0.00467527,0.112815,0.361347,0.308311
163.468480726,0.339926,0.172807,0.0323326,0.0353813,0.0960721,0.34521,0.515796,0.208401,0.0183426,0.00355607,0.0537449,0.326944,0.512506,0.29414,0.0526806,0.0263593,0.0163032,0.184033,0.527094,0.325846,0.0648232,0.0323027,0.0466037,0.161966,0.240026,0.24709,0.120531,0.00398317,0.00964627,0.149479,0.305652,0.282704,0.129004,0.0256294,0.0096917,0.0284058,0.349426,0.599704,0.217044,0.016649,0.011784,0.0487143,0.199542,0.284433,0.240436,0.0638211,0.00653047,0.0980537,0.20527,0.25352,0.202548,0.110665,0.0184758,0.0528517,0.207864,0.472256,0.400531,0.0620174,0.0234149,0.06194,0.163449,0.46546,0.480986,0.179529,0.0214212,0.00529094,0.0340561,0.449194,0.48606,0.140644,0.0177842,0.0151593,0.127013,0.194744,0.510303,0.447335,0.0675565,0.00439968,0.112803,0.35328,0.314876
164.954557823,0.369335,0.158704,0.0320445,0.0353021,0.0962136,0.320738,0.563732,0.221332,0.0184752,0.00377867,0.054326,0.348441,0.494139,0.308926,0.051355,0.0266172,0.016369,0.191704,0.563965,0.358735,0.0811819,0.0323431,0.0465626,0.159285,0.2625,0.26268,0.126182,0.00427484,0.00963989,0.14654,0.34907,0.33826,0.129816,0.025095,0.00895859,0.0301025,0.337845,0.651458,0.229263,0.0164901,0.011784,0.0381169,0.202839,0.353438,0.279693,0.0730071,0.00653047,0.0956881,0.206464,0.285714,0.233712,0.103603,0.0185782,0.0477006,0.214512,0.49079,0.40944,0.0587346,0.0234671,0.0618092,0.143147,0.49375,0.521302,0.187679,0.0212598,0.00655267,0.0390557,0.447781,0.521124,0.162045,0.0174486,0.0151593,0.117275,0.185695,0.47776,0.414255,0.0677992,0.00459553,0.112429,0.363029,0.313241
166.440634921,0.439949,0.193122,0.0326128,0.0353021,0.0962136,0.371733,0.651841,0.247948,0.0180275,0.00376314,0.053925,0.329664,0.612492,0.289904,0.0525512,0.0266172,0.016369,0.207228,0.616517,0.404557,0.0766393,0.0323431,0.0450066,0.168687,0.32183,0.312026,0.12254,0.00412149,0.00963989,0.151695,0.410592,0.363971,0.126582,0.0248382,0.00895859,0.0355998,0.376641,0.645397,0.215907,0.0164901,0.011784,0.0381169,0.227593,0.409045,0.272195,0.0730071,0.00653047,0.0947402,0.249928,0.339981,0.229841,0.101053,0.0185782,0.0476831,0.244688,0.573036,0.407999,0.0585516,0.0234671,0.0618092,0.15065,0.572987,0.556791,0.170154,0.0212598,0.00648472,0.0412993,0.540412,0.585008,0.162699,0.0174486,0.0151593,0.130402,0.277185,0.53259,0.422618,0.0677906,0.00459553,0.111802,0.42499,0.411997
167.926712018,0.43069,0.213734,0.0300398,0.0353021,0.0961745,0.390936,0.628273,0.215317,0.0193943,0.00376314,0.0517285,0.317017,0.598161,0.267129,0.053107,0.0266172,0.0161495,0.136814,0.544426,0.441378,0.0832022,0.0323431,0.0413474,0.145368,0.3393,0.362038,0.128675,0.00412149,0.00963989,0.151666,0.398388,0.404199,0.134433,0.0248382,0.00895859,0.0300527,0.401544,0.659881,0.225268,0.0172978,0.011784,0.0348277,0.212055,0.508559,0.308055,0.0718691,0.00653047,0.0890031,0.234954,0.390907,0.267681,0.101258,0.0182375,0.0476831,0.255817,0.637486,0.437611,0.0623943,0.0234671,0.0614763,0.153057,0.578816,0.568679,0.168115,0.0212598,0.00648472,0.0412993,0.580362,0.67679,0.152501,0.0174486,0.01483,0.123529,0.31323,0.606883,0.432302,0.0618994,0.00459553,0.110788,0.452028,0.471443
169.412789116,0.445219,0.205165,0.0247162,0.0353021,0.0978414,0.454369,0.71546,0.213407,0.0185007,0.00376314,0.0545014,0.331235,0.723976,0.325751,0.0492759,0.0248063,0.0161837,0.138668,0.568165,0.497274,0.0961259,0.0322352,0.0413474,0.153186,0.375635,0.318073,0.11971,0.00412149,0.00963989,0.155473,0.446976,0.455002,0.10414,0.0248382,0.00895859,0.030865,0.444469,0.696779,0.236075,0.0172978,0.011784,0.0381404,0.237919,0.519706,0.285937,0.0719703,0.00653047,0.093836,0.220374,0.397607,0.25845,0.0716218,0.0182375,0.0477697,0.277119,0.635525,0.309101,0.0588884,0.0234671,0.0618417,0.139633,0.574274,0.584925,0.147114,0.0212598,0.00648935,0.0267471,0.453378,0.664891,0.175765,0.0174546,0.01483,0.0891858,0.316464,0.507565,0.29951,0.0623721,0.00459553,0.0982797,0.437239,0.504359
170.898866213,0.514933,0.271202,0.0662421,0.0350634,0.0977872,0.536973,0.897229,0.282982,0.0288553,0.00374203,0.0495836,0.338874,0.966921,0.512781,0.0831413,0.0244901,0.0161132,0.147065,0.63621,0.680708,0.138747,0.0322078,0.0332987,0.153936,0.439547,0.449918,0.144027,0.0030476,0.00963989,0.147577,0.602146,0.610375,0.111426,0.0248192,0.00895859,0.0303389,0.485889,0.90519,0.286381,0.0167746,0.011784,0.0371346,0.260938,0.62547,0.335911,0.0715319,0.00653047,0.0928442,0.217762,0.465574,0.304824,0.0711677,0.0182375,0.0477697,0.300889,0.714651,0.319624,0.0584518,0.0231572,0.0618417,0.155144,0.729019,0.635246,0.137919,0.0210657,0.00648935,0.0313964,0.491415,0.781983,0.177531,0.0174546,0.01483,0.108346,0.34238,0.533191,0.332322,0.0621194,0.00459553,0.0935152,0.540323,0.599073
172.384943311,0.489696,0.267884,0.0615644,0.0348721,0.0974903,0.526946,0.87785,0.261862,0.0288036,0.00309729,0.0464767,0.332033,0.938001,0.493701,0.0759317,0.0250405,0.0158535,0.148988,0.638663,0.682236,0.137031,0.0253829,0.0304931,0.147916,0.445031,0.45252,0.138833,0.00271637,0.00926439,0.146293,0.59592,0.59048,0.0940792,0.0263383,0.0100384,0.056691,0.543591,0.941613,0.295844,0.0197561,0.011083,0.0391494,0.322278,0.699814,0.374529,0.0882119,0.00575878,0.092491,0.253271,0.489243,0.323876,0.0808314,0.0171977,0.0478516,0.373732,0.814489,0.370158,0.0606657,0.0238572,0.0978908,0.213674,0.948846,0.803867,0.170512,0.022149,0.00658721,0.0611156,0.678597,1.00619,0.254587,0.0172898,0.0141096,0.103057,0.436859,0.722097,0.371541,0.0455467,0.00414619,0.169595,0.730968,0.865209
173.871020408,0.482015,0.247109,0.0566886,0.0347775,0.0963949,0.523718,0.867233,0.258735,0.0287072,0.00309053,0.0459978,0.322434,0.925654,0.480839,0.0750456,0.0250405,0.0158535,0.146836,0.622213,0.646226,0.113857,0.0253781,0.0304937,0.147161,0.439472,0.435093,0.131044,0.00256998,0.00926451,0.143994,0.580367,0.582073,0.0823627,0.0263383,0.00960577,0.0546731,0.538127,0.9192,0.285046,0.0184231,0.0110203,0.0391494,0.293072,0.676475,0.353998,0.0865872,0.00568176,0.092491,0.243703,0.480771,0.316718,0.0679829,0.0171683,0.0355225,0.3664,0.812939,0.351316,0.0548592,0.0238572,0.097832,0.21062,0.924513,0.791943,0.165591,0.0220988,0.0065865,0.0609409,0.643662,0.981816,0.251505,0.0172076,0.0140436,0.0912129,0.430532,0.693739,0.299607,0.0262935,0.00414003,0.162134,0.72218,0.857188
175.357097506,0.47336,0.242669,0.054619,0.0347775,0.0904108,0.488798,0.825644,0.244405,0.0287072,0.00309053,0.0459978,0.296312,0.856291,0.452341,0.0697327,0.0250405,0.0158535,0.144774,0.596936,0.621476,0.111866,0.0253781,0.0276297,0.142644,0.421099,0.423141,0.127158,0.00256998,0.00895467,0.134023,0.546443,0.528861,0.0823627,0.0263383,0.00960577,0.0498799,0.499434,0.878212,0.27308,0.0184231,0.0110203,0.0373623,0.285732,0.648899,0.349893,0.0864418,0.00568176,0.0892742,0.231694,0.475879,0.313793,0.0675798,0.0171683,0.0349181,0.3504,0.763838,0.341489,0.0548592,0.0238572,0.097832,0.20687,0.902973,0.747692,0.163881,0.0220988,0.0065865,0.0606338,0.634682,0.977084,0.248209,0.0172076,0.0140436,0.0896284,0.424613,0.683344,0.298446,0.0262935,0.00414003,0.159063,0.703631,0.828143
176.843174603,0.453233,0.229783,0.0508367,0.0308824,0.0836457,0.461712,0.729926,0.181139,0.0194487,0.00309053,0.0457622,0.256466,0.785184,0.425493,0.0671265,0.0250405,0.0158535,0.131256,0.479917,0.507072,0.105931,0.0253781,0.0262023,0.127153,0.399425,0.396486,0.113463,0.00253846,0.00895467,0.109967,0.488512,0.491275,0.080522,0.0263383,0.00960577,0.047733,0.431509,0.787543,0.253468,0.0184231,0.0110203,0.0373623,0.261705,0.617907,0.320307,0.0744951,0.00568176,0.0760617,0.215305,0.440626,0.303544,0.059318,0.0120072,0.0314145,0.266291,0.664951,0.310124,0.0548592,0.0238572,0.097832,0.190963,0.816959,0.643358,0.132677,0.0220988,0.0065865,0.0606338,0.596661,0.948125,0.233808,0.0172076,0.013023,0.0846818,0.399952,0.642854,0.276176,0.0158735,0.00414003,0.157695,0.694629,0.827289
178.329251701,0.416556,0.226337,0.0504572,0.00486248,0.0349051,0.401848,0.673407,0.1736,0.0194487,0.00309053,0.0207904,0.160469,0.739829,0.419712,0.0611671,0.0156092,0.0156138,0.12004,0.444835,0.481974,0.105524,0.0197248,0.0130346,0.108718,0.38233,0.3933,0.11053,0.00253846,0.0085348,0.0557916,0.411245,0.419578,0.0801392,0.0263383,0.00960577,0.047733,0.383833,0.681495,0.158312,0.0184231,0.00236647,0.0212992,0.204775,0.541938,0.277204,0.0586331,0.00568176,0.0233519,0.17115,0.373086,0.220906,0.0542384,0.0091135,0.00377754,0.24357,0.616092,0.224871,0.0401647,0.0137338,0.0427113,0.124334,0.742456,0.615175,0.112889,0.0179536,0.0065865,0.0595012,0.533761,0.80508,0.21449,0.00521297,0.00302674,0.0720567,0.369746,0.546862,0.233242,0.0157003,0.00414003,0.106068,0.562796,0.722283
179.815328798,0.410768,0.224131,0.0503682,0.00177695,0.0349051,0.39721,0.666103,0.172081,0.0150138,0.00253422,0.0183941,0.160429,0.737686,0.412007,0.0449329,0.00620749,0.0156138,0.116519,0.432244,0.480953,0.100278,0.0033322,0.010616,0.108718,0.371293,0.366732,0.0694969,0.00134681,0.00756674,0.0557916,0.408757,0.410278,0.0519731,0.0156382,0.00731622,0.047733,0.383198,0.673607,0.151785,0.0119158,0.00236647,0.020802,0.200155,0.540842,0.26954,0.0489518,0.00568176,0.0233519,0.166623,0.358774,0.206757,0.0536536,0.00730624,0.00377754,0.243354,0.602396,0.217432,0.0369871,0.0137338,0.0424083,0.124308,0.736464,0.594801,0.104412,0.0179536,0.0065865,0.0544201,0.521611,0.794813,0.210697,0.0038908,0.00302674,0.0719817,0.360126,0.541877,0.224301,0.0137678,0.00385182,0.0968601,0.558052,0.720369
181.301405896,0.378105,0.205571,0.0474996,0.00155938,0.0295222,0.382027,0.642296,0.166148,0.0143233,0.00253422,0.0183941,0.141173,0.708738,0.40813,0.0443181,0.00619793,0.012997,0.107153,0.406994,0.474223,0.0991939,0.0031698,0.0103737,0.103772,0.34828,0.352685,0.0662032,0.00120513,0.0073128,0.0502762,0.402422,0.407278,0.0489965,0.0149677,0.00721265,0.0477275,0.376058,0.669573,0.151564,0.0117871,0.00222354,0.020802,0.197861,0.53823,0.268676,0.0488839,0.00550816,0.0233469,0.166121,0.357423,0.206459,0.0534719,0.00665587,0.00369136,0.243196,0.599855,0.216043,0.0369845,0.0130616,0.0421898,0.123973,0.733221,0.589529,0.103991,0.017914,0.00658201,0.0544026,0.516136,0.777032,0.207622,0.00367282,0.00301739,0.0704898,0.350973,0.512756,0.211217,0.0137042,0.00385182,0.0930342,0.528397,0.677963
182.787482993,0.368947,0.203458,0.0474996,0.000299161,0.0215272,0.366299,0.637789,0.165323,0.0143203,0.00127338,0.0103152,0.134906,0.703189,0.405397,0.0443031,0.00548547,0.00786803,0.105429,0.402768,0.472917,0.0976219,0.00284502,0.00698954,0.0938898,0.345033,0.351087,0.0650844,0.001148,0.00709321,0.0462822,0.401428,0.406129,0.0447187,0.00593669,0.0045774,0.0468928,0.373,0.66194,0.150591,0.00870969,0.00159046,0.0202676,0.195421,0.53358,0.264771,0.0403868,0.000974454,0.0223097,0.163822,0.35171,0.195547,0.0354775,0.00425456,0.00249198,0.240027,0.592311,0.208234,0.021966,0.00458597,0.0406043,0.121733,0.720324,0.575841,0.0864222,0.0096281,0.00455222,0.0537005,0.504644,0.751676,0.192562,0.000787573,0.000849659,0.0578931,0.341806,0.493435,0.190014,0.00384561,0.0024272,0.0895959,0.52267,0.654671
184.273560091,0.351557,0.198003,0.0469217,0.000147984,0.00687298,0.361146,0.636541,0.160284,0.0124935,0.000267032,0.00879312,0.128459,0.701659,0.400003,0.0426177,0.00522444,0.00759355,0.101344,0.397097,0.468924,0.0963293,0.000836992,0.00210266,0.0879273,0.34127,0.348781,0.0635064,0.00101484,0.00299837,0.0459153,0.397894,0.404442,0.0392714,0.00329105,0.00164192,0.0457346,0.371055,0.654823,0.147728,0.00600329,0.000878941,0.0149653,0.195161,0.533008,0.258318,0.0330739,0.000553563,0.0220581,0.162136,0.344276,0.190227,0.0324232,0.00173447,0.00227373,0.239034,0.591312,0.201019,0.0158318,0.00287664,0.0406043,0.120512,0.719887,0.567975,0.0832744,0.0095975,0.00401843,0.0535362,0.50224,0.747882,0.188573,0.000593907,0.000847574,0.0568242,0.337937,0.491967,0.187317,0.00327451,0.00152298,0.0893971,0.52164,0.652118
185.759637188,0.339954,0.185533,0.0459215,1.46622e-05,0.00380753,0.341655,0.604624,0.158982,0.0124935,0.000267032,0.00562901,0.113323,0.690568,0.398625,0.0412346,0.000988312,0.000688906,0.0878888,0.38527,0.467099,0.0929573,0.00064484,5.17108e-05,0.075814,0.332236,0.343823,0.0624599,0.000291867,1.1626e-07,0.0362577,0.392673,0.402649,0.0365682,0.00240494,0.00146121,0.041622,0.367611,0.649669,0.146656,0.00518117,3.76489e-06,0.0101829,0.191337,0.531712,0.256158,0.0324477,0.000217562,0.0217182,0.160603,0.341385,0.185236,0.0276463,0.000374337,0.00123795,0.237802,0.586112,0.196262,0.0157127,0.00200828,0.0370333,0.116791,0.718205,0.557619,0.0749377,0.00570828,0.00255536,0.0535362,0.491974,0.733105,0.172741,6.03167e-06,0,0.0546096,0.328144,0.465578,0.180774,0.00135669,0.000195848,0.0873822,0.508448,0.640959